grupo,radio_m,dif_NDVI,dif_MSAVI,dif_GLI,dif_MSI,dif_BSI
ANH,40.665883470682196,5.424294366297433E-4,-0.003698199531647184,0.022899767218942824,0.024602504495234934,-0.003770326806966845
ANH,42.8689905458051,-0.06936110793143851,-0.025954579384579596,-0.019902696545637432,0.09461613969157834,0.026516106791317273
ANH,49.16647921607646,0.0015019669736990315,0.00196590666277513,0.009151910596584073,0.0012486486726150936,-0.003374038651548006
ANH,41.064650362417254,-0.10832520208177149,-0.06392295132614202,-0.017709836911923505,0.6339677216439918,0.10757499493034531
ANH,42.62883358594456,-0.052052997423829406,-0.02182095751056523,0.003852930258212567,0.09145345784234649,0.02480682719722499
ANH,45.043661108826754,-0.029885539226520957,-0.01757686445979839,0.022549640020559703,0.07746874190883979,0.006121225237313066
ANH,44.27104385680254,-0.08883740604682638,-0.0595819389540104,0.027571101439659917,0.17229875742698986,0.04084275371156143
ANH,42.73017857059542,-0.017924712629513506,-0.02273723335165495,0.07950592292435171,-0.13587075192513143,-0.044793253742412775
ANH,38.84164406950976,4.3286355536131804E-5,0.01169536891069492,0.016094454750215512,-0.02907459224049158,-0.009602852791794736
ANH,25.025767221235924,0.006894877268217581,0.00971204969549716,0.014829080855537451,-0.046546381077802845,-0.015581955364136563
ANH,51.49034127723497,-0.016817244672338694,0.010362785159227395,0.01567094296058742,-0.02395935598676302,-0.0064559557095057035
ANH,38.14197410100855,-0.10509820711211762,-0.054745058287473114,0.03589716218740204,-0.015274780645899266,-0.010342078097097862
ANH,51.85897643430285,-0.011286699671999245,-0.02323451044938757,0.023852115412835655,0.09503539609910705,0.014933224590340743
ANH,27.88372529708138,-0.02025808435404164,-0.0019982444628827423,4.006595547047312E-4,0.039423023669556745,0.011091052998894818
ANH,25.457238077274667,-0.030350754957321202,-0.011095969581296189,-0.002727926375392424,0.04382305316314583,0.012094684234006697
ANH,56.7847973158276,-0.15523643255573516,-0.05178370547054417,-0.018597549435399627,0.0912415423708215,0.048099771062793284
ANH,13.69497436901617,6.518531052158716E-4,0.005860020565148033,-3.620835529186128E-5,-0.01889377881410992,-0.005067778915846394
ANH,10.373404543032443,-0.13907818950975662,-0.05671150589983795,-0.020785194920640262,0.014695031169721373,0.032320383164388455
ANH,25.46442044465706,0.026971369438692994,0.016539875357809347,0.008712249381507019,-0.05687411757677863,-0.023403846958534244
ANH,34.782596687258554,-0.0018265391850202928,0.003694371039223876,0.0029671801863927205,-0.025585054422152975,-0.0101385271767752
ANH,30.063846625657142,0.017692265585119105,0.00486679081883401,0.003825909230402852,0.006207026369816182,-4.2580950252486816E-4
ANH,40.21990372526601,-0.05461023656966807,-0.008949600497515253,-0.0023047385049887945,-0.005751042676307883,0.0068456819780340905
ANH,31.933947795477444,-0.16273308705587997,-0.06167834442781564,-0.017438798254097186,0.08073625911466498,0.04651379214218257
ANH,39.10865989995253,-0.1345350753404609,-0.060601362194323535,-0.01606488267872749,0.07631802964291245,0.038183814761775764
ANH,63.139313084831684,-0.2719188855154201,-0.1213675151705282,-0.014222834674754582,0.24276803474750008,0.086864891040008
ANH,27.026047322028905,-0.017837650870348942,-0.004108133113126189,-0.006751205202314467,0.005144511304058463,0.004951844931523161
ANH,12.198556424132455,-0.019075796086945818,-0.009118107536015801,-0.006809438394033463,-0.02330473182546222,-0.0055155315698934
ANH,30.97859633335844,0.0452437487840599,0.03545313942683437,0.03018764156919991,-0.09595310177095329,-0.04168794881625949
ANH,31.347451661897832,-0.10492605252000287,-0.05377636574737582,-0.005428198961978145,0.09902155414780256,0.05058790483722223
ANH,46.784415545886134,-0.060755165426746416,-0.046735517231996565,0.021170804982778117,-0.011153102398000492,-0.0010454250244815166
ANH,19.01153148177718,-0.00844848133870868,0.006986200899256556,0.03038308922769801,-0.050374871130119736,-0.013104646315365592
ANH,46.500237139492036,-0.038502008240693164,-0.006545673982562339,-0.010889660158400344,0.03363743854795653,0.02557027308762961
ANH,38.802291909435,-0.030518330524477832,-0.0189776631605445,-0.02856504351419918,0.04797203248676385,0.027625605281325443
ANH,35.47885011491398,-0.09288572184732674,-0.06818666015809252,0.029840546373987337,0.052578657204131796,0.010991495219607086
ANH,29.679385958168,-0.046020919967507734,-0.016803452184878664,0.003007692354074113,-0.03673351047443574,-1.995369387556567E-4
ANH,45.040940348470414,-0.03471903826014899,-0.008146238500428088,-0.007253402618055495,0.017627443589578684,0.012423233476473061
ANH,33.8377470912513,-0.021418235622163884,-0.010021992610978303,-0.0019477297228765247,0.004603776972200269,0.005034259493168797
ANH,41.623493272245284,-0.048043145661788134,-0.009843552270167616,-0.0081267726174555,0.02796952477869241,0.017790552930426043
ANH,25.834819506397245,0.02770014312947522,0.006442275797362895,0.006081108755015066,-0.028356018024783936,-0.012900853291634137
ANH,26.515031728919695,-0.05999209879371192,-0.03170049999994534,0.05616661114050581,-0.02117513362116452,7.314451902005192E-4
ANH,50.655098108306646,0.019328081971805744,0.009904988160119615,-0.0015017663330578624,0.00433315234275522,-0.002972609291561512
ANH,49.72211474221659,-0.046024451761164153,-0.03208802681513717,0.024287022258551783,-0.04825941702009651,-0.014599608249300428
ANH,83.89154591779766,6.551956600444608E-4,-0.0030735167699133814,0.0066846000347082725,0.11547881190230247,0.017960320168562638
ANH,51.16219406105183,-0.03925228553399446,-0.017913612494383835,0.011883235366370743,0.10527286631398303,0.02190459098269762
ANH,52.439459685387625,-0.15047131199334285,-0.07342787734097674,0.014849383714463002,-0.08977750227923087,-0.03220819937696201
ANH,47.932565520169064,-0.014073683123318581,0.0015945157228813567,-0.00807325083682091,0.015758713775430033,0.008748603782861603
ANH,33.63177124224337,0.07636175978376786,0.04584259708591615,0.0455098606755016,-0.08926340770213259,-0.03510885637554256
ANH,57.563398090063394,0.0435113756690515,0.022525646582402414,0.007906906606763553,-0.040454614057690685,-0.012575444863701768
ANH,53.290198517580095,-0.034710884600000436,-0.035918638237257994,0.054409691015512386,2.570449408252351E-4,-0.027617391368775807
ANH,68.65795950283379,0.0733830118005809,0.03549681107885633,-0.006187960042314813,0.03295095410629023,0.007661307516612759
ANH,149.50744527884044,0.03454957346243554,0.016813157339623068,-8.647752486845225E-5,-0.019119227978014797,-0.013099861272275998
ANH,49.419590704623246,0.10969603933765137,0.052886000553288515,0.00928099870946086,-0.03442551785566672,-0.022577866025753235
ANH,104.70660857961447,0.03213793123720132,0.006899579994815025,-0.007860405639175089,0.025509109196499624,0.0033938228140136806
ANH,41.78468958203669,0.07726971492742979,0.027161645434840842,0.007081626901052403,-0.00783464239930054,-0.009224898076866939
ANH,81.30172357983248,0.019936742427356657,-8.353341111713708E-5,-0.013551836583682475,0.03126826044298814,0.015413292998447
ANH,143.92455376281956,0.07064029839972885,0.02687695930669566,0.003909615964769738,-0.014013880391573474,-0.010260096317236289
ANH,75.752437193746,0.07553729888073574,0.034483665420130274,0.003394535362771619,-0.004740573817239024,-0.005785911995127346
ANH,71.52133683797749,0.07745405222678883,0.029100989803818325,0.004387699123124762,-0.02249852029663857,-0.01327731034501256
ANH,51.2666628969018,0.08761211800265228,0.0352098197764599,0.01712306687282256,0.0026856960661341134,-0.007751756204002591
ANH,59.83947232151749,0.06450425667654724,0.0239551613363983,0.006943706804312298,0.00752870416717033,-0.003597579359279318
ANH,46.600082163395584,0.1388473876527545,0.06178536890973384,0.021195641022829635,0.006644504086830594,-0.011961434119101222
ANH,57.508957065879144,0.14362033984929137,0.06209820314753444,0.026708722675005632,0.003482925515392754,-0.008543686429602931
ANH,50.10713453695722,0.05442879778500896,0.026288462211761114,-3.7914564205235605E-4,-0.0052712374370378345,-0.005957804606965045
ANH,50.11837735304109,0.08603587428995116,0.03584809000477973,0.0123067404845826,0.00286740779410799,-0.008608286662876719
ANH,46.5167109523135,0.07444045826589163,0.027258407815378694,0.023010395350885383,0.007640633620256132,-0.006181556323331894
ANH,59.033650252368254,0.03756398918160048,0.01518379793103336,0.01766883615773998,0.007308233409150766,-0.004258557937556556
ANH,46.16643772838877,0.0857430074347578,0.03515460255385636,0.006043114453437002,0.02399121199081211,0.002191036133182528
ANH,33.622504162144736,0.09267867837593635,0.03609764656139282,0.008735344594108666,-0.04047601230991282,-0.01865233625182594
ANH,37.01310283018564,0.11198721285141722,0.04664317922537953,0.012640519697500258,-0.02324587151731161,-0.015088119286147617
ANH,96.32772437720718,0.08781245413902575,0.038875136137966206,0.008598840451802182,-0.03360692191877246,-0.018445299143693694
ANH,13.188322218470606,0.07598232312437381,0.03375756037327754,0.016897729952757148,-0.05807128490117042,-0.02610803709028063
ANH,11.573658658973482,-0.06123566198022193,-0.02694261664221674,-0.010720563123495983,0.01930624367148237,0.01159308959460896
ANH,9.111356093697772,-0.013811645691055415,-0.00855078351101619,-0.0036910829610572525,0.029538230065235815,0.005294088552591725
ANH,18.50241653951427,0.006334878160523007,0.0015456430317406615,-0.0011112620680410702,0.040286297479846356,0.005490345631968874
ANH,18.550824618068514,0.003916269993839778,0.0024134597255892117,-0.005658301307790851,-0.010211796763580638,0.0012012621438504956
ANH,60.7976543381896,-0.18377689102884454,-0.08546900230371111,-8.60746014571704E-4,0.1530828773920252,0.05364313402994689
ANH,38.22424192244519,-0.06676102739882384,-0.03718401696608288,0.014811636713547356,0.09324905569587338,0.016411580606364023
QGIS,26.010302422213947,-0.06924664822608784,-0.0249100880851775,-3.688823703882596E-4,0.004504143510650094,0.012229737037113025
QGIS,20.529059630371258,-0.006440410600334845,-0.007011774905140239,0.0038365115179881367,0.033686289831717176,0.007644829965310906
QGIS,74.34554584943079,-0.05877533984079909,-0.03127480669907849,-0.0029802522401755887,-0.019688333367908317,-0.00639171383467288
QGIS,27.024622159432486,-0.03923547816330268,-0.021475250807623043,-0.002481393880088157,-0.03292560732658223,-0.008099421188775602
QGIS,17.973666946061094,-8.80563410949331E-4,0.0023598140760315023,-0.008324736385940185,0.007456776823720812,0.00267639992297547
QGIS,20.684301245621835,-0.06392663948718358,-0.007153456151425069,-0.01457343811535506,-0.013362460749058114,0.003490477857894886
QGIS,33.071809746612345,-0.08108407974423962,-0.023533683393225382,-0.005000148887032842,-0.04915879779571197,-0.004095106604566218
QGIS,22.716601583008877,-0.09582383216257401,-0.036320382110965416,-0.007144693172646521,0.013380896458594638,0.01360662944753302
QGIS,61.09316165854126,-0.0704765799190255,-0.023371800390978192,0.005654711955452709,-0.04904993927131307,-0.007361889503672975
QGIS,18.058473866727873,-0.09567654904100908,-0.022307566827962866,-0.0010962101296053974,-0.03881336003819791,-4.4370402603982617E-4
QGIS,20.141647150648858,-0.08938495463518809,-0.04070914074361148,-0.01417150321422682,0.07335003059234357,0.027244286231809134
QGIS,25.861800649788115,-0.01543562231051096,8.292819347795188E-4,-0.01006117044121022,-0.06661109929171505,-0.006801382227824726
QGIS,30.390395436095737,-0.07833685947203767,-0.0318300669987643,-0.02312881490088689,0.02769040703349135,0.02582048612419463
QGIS,35.747988755481956,-0.08472518902987847,-0.029151713550857244,-0.015777931474169442,0.1188273728141338,0.03665395335853383
QGIS,26.296319072175613,-0.06225514844035396,-0.024231483411855492,-0.010072859014037051,0.12478397310972622,0.027806803586272216
QGIS,31.658527107667243,-0.09577823420752377,-0.025274590550029535,-0.006241120594184025,-0.0385051541669259,-0.002050869733847188
QGIS,48.43165856429401,-0.08000625276712309,-0.038374369288755594,-0.019863142982864054,0.16428151818540382,0.03720919085440258
QGIS,34.48947730350267,-0.07371775738968711,-0.020575841601359113,-0.008994342238795399,-0.01070602260364062,0.0061235260092575294
QGIS,21.2610411167845,-0.037830784425435415,-0.00671532115793233,0.0022972393115106167,-0.06820882729864275,-0.013894356080194514
QGIS,23.990996982149998,-0.10521759095180752,-0.0509899380855815,-0.03365542129748961,0.12310677892383604,0.04096162324072733
QGIS,24.38578539577017,-0.07095504072905309,-0.026177044214452244,-0.02593956927798928,0.03388563099779707,0.012563451965806133
QGIS,20.279456919490165,-0.035669043591480376,-0.010870926925802299,-0.005306277428831198,0.011048279390150517,0.008986978211671437
QGIS,19.04254768513327,-0.10261668999384849,-0.04488919622165327,-0.010930626390727807,0.0068236998423032436,0.005447511524172277
QGIS,26.097656283035395,-0.11108942448799744,-0.041992212404183535,-0.010298234321900265,-0.019758938155618466,0.010413558995066463
QGIS,26.531911225832435,-0.08104181920455489,-0.03633956195614499,-0.006452371924649425,-0.02270570116899262,0.001523760804222174
QGIS,25.32576594419877,-0.08296328357967606,-0.03503236064053239,-0.02077271126745165,-0.008372337805885088,0.015093305956181857
QGIS,52.43261222743116,-0.030599257422485676,-0.012758289088738078,-0.0023488042467791487,-0.006939775775045787,4.3198765205570977E-4
QGIS,22.35287516948762,-0.03188605424963664,-0.010310407503083013,-0.005082539247982696,0.04163469814972709,0.008746352406648589
QGIS,33.956995784385605,-0.024571735960773333,0.0031441951511857746,-0.004283789998432569,-0.011677827068673263,0.003355532493709429
QGIS,20.073576784421373,-0.03792572337712946,-0.011615157181622954,-0.00233061618572436,-0.03205680336154049,-0.007172905567612159
QGIS,18.819761166303465,-0.03214518854675891,-0.003230657698519629,-2.0172346232563698E-4,0.016859962341777335,0.00788060441323353
QGIS,32.13751838117787,-0.02216067197981425,-0.007408328145948134,0.004268991661839694,0.027365037210479004,0.008036352752332776
QGIS,21.001952511251872,-0.030049552314673933,-0.006939160104105863,0.005212673389656915,-0.022030203944308324,-0.008689703722413178
QGIS,19.27762413057106,-0.033652689932918645,-0.01115707437022978,-0.0016874183936989827,0.010841631577362731,0.007365298342265736
QGIS,27.01873226067251,-0.022125561753690903,-0.006760961940924612,-0.0025853846835324767,-0.010939054554891747,0.0020341412251274615
QGIS,17.468934938467203,-0.029172807526285538,-0.006332241163573671,0.0010401087431980496,0.0026903678184420077,0.003662690570090721
QGIS,57.465970323334446,-0.0555742233973035,-0.01790837889997854,-0.008183906253688904,-0.007604146683457547,0.00465144107049989
QGIS,17.86531060117587,-0.011480489005499528,-0.004067094563629775,-0.006117516693151092,0.03446375348971409,0.007839102103763096
QGIS,35.924746812360134,-0.07193697296228713,-0.027844960191905854,-0.006908220551249461,0.03397000736948397,0.01606131925595719
QGIS,21.197316701343095,-0.04152590150734681,-0.010867880752915893,-0.009112711798851243,0.010505880110722732,0.0086706235950888
QGIS,29.599796649992104,-0.05015213828313109,-0.016175332711897472,-6.82976007027488E-4,0.024328232073434597,0.010203773761787438
QGIS,19.008249572415153,-0.03483980631133035,-0.01333721570953178,-0.0027072223621582418,-0.018902206806175936,-0.0032339624672921563
QGIS,17.509885275815694,-0.066920822335238,-0.020016561926082338,0.0022832727805494613,-0.012365488197303875,2.743602735920392E-4
QGIS,18.632782746027512,-0.02112961150547832,-0.0020680213911775658,0.008765979845918308,-0.055266847199231695,-0.011154437804995254
QGIS,34.59314985814332,-0.055230879425290286,-0.02282407062235653,-0.0199288488933916,0.0893170420843925,0.020705453847044364
QGIS,19.835898021309337,-0.06358846584111189,-0.027107850458917088,-0.007023490341559279,0.028509556961288762,0.014911698263670031
QGIS,46.417410069938654,-0.03797161979741115,-0.00891788022380452,0.002730362859809151,-0.029821390201344222,-0.006841149756372511
QGIS,18.98646744666166,-0.024677351788218893,-0.006510523079335445,0.0035457598369371436,-0.0296717276186389,-0.005737056951773178
QGIS,19.31885973732649,-7.875723893870923E-4,7.281346675813427E-4,-0.006802510636044413,-0.013332315808340267,-0.0022211992497833677
QGIS,24.253590861306396,-0.027200546608689036,-0.00891336453240077,0.0016121999163170794,-0.03803831342247599,-0.0033227303799567287
QGIS,18.8721204863429,-0.047212533619967384,-0.017737819060238455,-4.095231469421635E-5,-0.013728309402246008,0.003921113064516618
QGIS,19.962268070374357,-0.04373496313286773,-0.011296473229143483,-0.008852485264160315,0.01445367192307856,0.01158059675316897
QGIS,25.81375439057921,-0.008335116251787567,-0.004549766577350761,0.009469597662573326,-0.07032788001048207,-0.017521092956019196
QGIS,21.414692456932162,-0.028354608720928598,-0.013768030946455623,-0.005663880816019337,0.046610951590708494,0.012192005280659918
QGIS,25.257174087790084,-0.035370033440950965,-0.0045506111754249345,-0.005311208818735166,-0.06628825938803251,-0.006729929336198037
QGIS,19.131767773071598,-0.02857723612374033,-0.0060695649061872775,-0.004407482388793859,-0.048137060589287906,-0.0068022704536022105
QGIS,19.886382340555095,-0.05894891488241896,-0.02011413814842064,-0.0015051152242088622,-0.05842308115371875,-0.002322754184139131
QGIS,18.12796531594612,-0.038134824209553275,-0.012044939114215697,0.007705574450496244,-0.018764160895498705,-0.003864488188492332
QGIS,23.018658443565688,-0.1029744158665177,-0.02777500739471242,-0.007786076388932406,-0.0828705524600637,0.0025377562031542455
QGIS,19.24953346204917,-0.031144784108739276,-0.009632119233668524,-0.008419568742431726,-0.025683287243727815,-0.0017247746638832384
QGIS,30.65580055991074,-0.06336489580469079,-0.025795004160302656,-0.007774153919979113,0.08661439940860238,0.0237502599115485
QGIS,28.006202715567824,-0.03788587978768998,-0.01422648835701068,-0.0033067631222822684,-0.0026280492303065728,0.003922475722475505
QGIS,36.862784812309044,-0.05752405335353819,-0.01579643395263436,-0.008665598015715596,-0.01472913144050847,0.008628414423257735
QGIS,27.225289731563464,-0.05414697116138614,-0.01420536617905814,-0.001121306495988763,-0.059527011083922776,-0.005844239582856431
QGIS,18.455123359562137,-0.03245219432810159,-0.007748803375488833,-0.004679679120857439,0.013382394830878663,0.009328208860348075
QGIS,26.567279529977046,-0.051361917467670354,-0.016767982687643984,-8.682252122883746E-4,-0.054201095993372084,-0.0034374816943705533
QGIS,47.91029379213356,-0.03639778079249345,-0.011665646454500744,-0.006368432764306837,0.022459746918838563,0.010962157625692248
QGIS,29.510405243070334,-0.05789229476260116,-0.019744418237650246,-0.013859598499718344,-0.0021260763521073756,0.011139257830206417
QGIS,25.68395234630542,-0.08554341760704642,-0.04037080074724045,-0.008969163361446823,0.03962782239965201,0.017371232893522992
QGIS,35.76757279382085,-0.04790518750620881,-0.018518961677912588,-0.007833831317131446,-0.021381311501098343,0.0014503702829542775
QGIS,17.45070394316609,-0.061558233588996675,-0.02292954689810099,-0.011909192642478916,-0.04101436621771315,0.0011852518407262091
QGIS,29.937156103061643,-0.05419031360938231,-0.01644381519123439,-0.008590126417681341,-0.042142258969903645,0.005182064236584627
QGIS,20.22208472883832,-0.06083874559116359,-0.017927516319249506,-0.012635209892717169,-0.03571203172624071,0.008500677662370393
QGIS,22.462965778777853,-0.031600256926541115,-0.009061658509182918,0.0029030638088199667,-0.04770128830812981,-0.004647199409057334
QGIS,38.07631860620603,-0.05859088164739076,-0.027086803859346996,-0.003630410413344374,0.0036862799921524303,0.0024346624242943815
QGIS,27.608419973908415,-0.046702274392682694,-0.024455832177162226,-0.007631281684978503,0.03658158775939668,0.014274744110174625
QGIS,26.121429364098237,-0.0666915645742491,-0.03268807779173745,-0.005693541405100151,-0.0076946339931898144,-6.376794129139274E-4
QGIS,18.5067943613625,-0.036585912430069895,-0.020113344716570843,-0.001738426656080233,-0.00230799577221652,-0.0023022415286048925
QGIS,21.197316701343095,-0.0011945130263072818,-6.912493673465304E-4,9.825496178069585E-4,-0.06293730064221825,-0.01961755725548983
QGIS,19.405169294686,-0.040687702531671685,-0.021729221485100793,-6.622198101790856E-4,-0.0478597989102485,-0.018956571183617543
QGIS,17.918682490450845,-0.013698725746125913,-0.007667195244427525,0.0036700709092950335,-0.04232682696906309,-0.017586097829164565
QGIS,34.32109504097641,-0.032869237406901106,-0.019526395563967368,-0.002977830575102291,-5.707161438330832E-4,0.0016230559479464834
QGIS,30.79720714386032,-3.5957846072133537E-4,-8.081700087103627E-5,0.006199393592185915,-0.033371725556027076,-0.015162131222717534
QGIS,37.92764213132405,-0.08354619277830283,-0.04703325303291063,-0.006842640011269239,-0.004548504962591071,-0.003842703423329874
QGIS,18.7384000237304,-0.023600449497089268,-0.01323338668157159,0.0014219861039601982,-0.02421989887876408,-0.003174518254823816
QGIS,30.03269707319656,-0.0016060336880103845,-5.262007421288437E-4,-0.0039042255698895946,-0.008769896767557794,5.817067732984127E-4
QGIS,18.924334940636165,-0.06837736077333192,-0.035341556988714815,-0.003956132950974982,0.01425035950023057,0.005832819231104347
QGIS,19.800562790299043,-0.014516455257383501,-0.008069183459023372,-0.0024049189429844976,-0.021962238798761247,-0.01237998137786378
QGIS,18.129721136117407,-0.03391366049602373,-0.016053211824955563,-7.72616817949323E-4,-0.0690815710957231,-0.026246282820914818
QGIS,20.959472176613836,-0.014447749011356238,-0.008167707249088666,8.114093693632248E-4,-0.04676518789472328,-0.015357489183564332
QGIS,40.17053606822701,-0.004340602350572546,-0.002584777231833677,7.157358662357553E-4,-0.011417867759279998,-0.008590359341101195
QGIS,19.186593844962527,-0.005111402957601947,-0.0032402460870159227,-0.003157745629289493,-0.03323067892798304,-0.012669097550952857
QGIS,42.875067623270404,-0.008866217303832063,-0.005030163894145005,4.6801523026691763E-4,-0.006337249054503502,-0.0013944345293650517
QGIS,25.31759502417833,-0.030984851018721435,-0.01950589505362974,-0.005502673576762932,-0.02073442329227637,-0.008057784717022759
QGIS,34.183091744195366,-0.01644765383159791,-0.00850876595265314,0.0014344599568856416,-0.03855285606607328,-0.01578331879989814
QGIS,33.57615409627987,-0.018860096910582998,-0.010480749388864837,8.941346571034089E-4,-0.02991690175676931,-0.011958420526143765
QGIS,17.390406058031523,-0.023579362742693948,-0.011859788059223907,2.00122138821468E-4,-0.04076698060690287,-0.006730253348781329
QGIS,18.191942960148243,-0.04908747281939974,-0.025025564917262204,-0.004234595416948623,-0.023972408981094873,2.06643212461749E-4
QGIS,19.17912679122771,-0.01888568580164457,-0.0032875290172122706,-0.009188214330252055,-0.0352839377197931,-0.0035824275168460096
QGIS,47.47915978567445,-0.050744144551659605,-0.025489299971573356,-0.004516026235550402,7.579437158575786E-4,2.8338411956610465E-4
QGIS,27.320410906726327,-0.05802958426336274,-0.017698248467907324,-0.00914596212158587,0.0032394740684167367,0.006581926439855029
QGIS,35.78091940154451,-0.022463886907083983,-0.012040213938431167,-4.001092420311044E-4,-0.044105137799290706,-0.013366492851795975
QGIS,19.939931765985882,-0.030704029479413038,-0.016506462192409022,-0.0028251009831460863,-0.01697859771849597,-0.005185984892485451
QGIS,23.12489154112443,-0.04751566214135432,-0.025673775920517478,-0.0018141994945857533,-0.012288384889324266,0.003821453034452915
QGIS,29.20737055903114,-0.0830155906617396,-0.04275615597977474,-0.012686081902615574,-0.003194479607196543,0.005089098713633791
QGIS,19.95509127054853,-0.007356214266543561,-0.004229592740785267,0.0020067421718795836,-0.051762445595227025,-0.018735140048875748
QGIS,49.86491258303076,-0.04423238476992719,-0.02354941635485491,-0.00605014789826623,-0.015324432244053776,-0.0022015410404626345
QGIS,20.993614943836533,-0.01610073301008093,-0.009373979668986138,1.3282664850840882E-4,-0.05268611982133087,-0.013509519664770209
QGIS,17.886678467600632,-0.07242586578289922,-0.03206945018423001,-0.012229569445325614,-0.0010510093480742277,0.008608496173746677
QGIS,18.677998695187732,-0.013553902194153943,-0.008795425229326557,-0.0031891086564968837,-0.08221781150210838,-0.028867051625322993
QGIS,20.18663707239244,-0.008484238001727512,-0.0037483227468651393,5.107880616972123E-5,-0.08496733077577079,-0.027110467795114973
QGIS,20.815461010349395,-0.009535613512535476,-0.005458534769785245,0.002588393205367858,-0.06963068844815323,-0.023107113953752867
QGIS,17.896463546693525,-0.001949579256160374,1.3252054582248846E-4,0.004815638526755553,-0.027601437143869756,-0.0028152319847772334
QGIS,49.31094422699668,-0.02444939064066596,-0.016848902365370837,-0.0011301054469775602,-0.012835995857216176,-0.012844035125871706
QGIS,21.20107049844726,-0.1287748537468087,-0.06711886301501585,-0.019073577997133804,0.09260000363137699,0.04047726034833721
QGIS,25.9465876230135,-0.09298249663046726,-0.044707670177684525,-0.0033880374131834007,0.012554858378087452,0.00903525809568323
QGIS,26.499498861489073,-0.0797095937969055,-0.04078321854090622,-0.002487422736893159,0.012972541429898232,0.0077637174802527575
QGIS,24.004261204417393,-0.03630969354822364,-0.01260951846189512,0.002600802687720404,-0.051569605083816805,-0.006692143529120398
QGIS,26.420101237740074,-0.06041593018005967,-0.031385035296741484,6.602910907915066E-5,-0.014875961283784545,0.0019057345941274895
QGIS,17.905354432803446,-0.06330822286519791,-0.03480516078081948,0.01154763198669078,-0.033513927146181954,-0.002534120358191838
QGIS,30.257082867540294,0.021147127369299773,0.011545193041845356,-0.00566081434681703,0.02587213748136219,0.006542615228480014
QGIS,26.100705324005112,-0.00967961240047846,-0.005924553395177334,-0.0011988900690162686,-0.004334826618913379,-0.001101567585519908
QGIS,26.170127074835612,0.008365879969679552,0.005345115637101064,0.0010870835619926807,0.01588760496331587,0.00333841148787406
QGIS,53.96555207419579,-0.11744261680012072,-0.05545749833114781,-0.024452552284285743,0.081012790173282,0.0410089675054464
QGIS,25.173858512419365,-0.06278952149446798,-0.030786465463568703,6.358958556507716E-4,0.04177278277836294,0.019870007015061725
QGIS,23.059415969838053,0.03608864854272381,0.012824188128817748,0.004719360768239242,-0.050763273155982835,-0.02469838624995812
QGIS,53.76907292525617,0.10126063741541413,0.03563676079794814,0.005552418882018392,-0.08489285110973444,-0.04530265919721132
QGIS,71.37678348971342,0.039548158431064545,0.018794281924875977,0.0020413023219752677,-0.0048246937706857285,-0.004731778354161997
QGIS,56.82456316078662,0.007498520937746486,0.004271375384872211,-1.2049893982556386E-4,-0.003057682493582403,3.327891686032425E-4
QGIS,26.046990064345852,-0.09858938843660564,-0.03478934288625099,-0.010779822933178522,-0.004774799324008816,0.005375350818311891
QGIS,25.170697198532604,-0.0395958479555199,-0.014752572271074599,-0.01032360668037149,0.01725625084514859,0.010366628838734154
QGIS,23.58825303088947,-0.044303376351755464,-0.009646169920704578,-0.009899115353030001,0.030489198677829954,0.02212381485868982
QGIS,24.04400996687118,3.293415114744014E-4,7.903410172353798E-4,-0.006061988306154967,0.033455457083665374,0.0058381738906253255
QGIS,17.34091547404078,-0.13445939129784235,-0.06193238327245357,-0.03522598101828493,0.13241663697260253,0.06836048819531906
QGIS,24.120012002030894,-0.06783173384950458,-0.02893436511573494,-0.018106475585533806,0.06968510597850774,0.035770670674765095
QGIS,18.978921655499228,-0.06588971281604938,-0.02069100827528636,-0.0194646511583675,0.01606058796560128,0.017121342647511542
QGIS,25.04391741993535,-0.04100025910248767,-0.01604984309280566,-0.0038543749610317436,0.019013964510434134,0.006608997249169218
QGIS,18.65412467997681,-0.06838748420573842,-0.023389601177083358,0.0030893017572684693,-0.02472579821702281,-0.010827559349197213
QGIS,22.092903373577332,-0.009174658075793249,-0.002905956288964749,0.0018617567312614759,-0.05923263170340154,-0.019364163613521654
QGIS,19.294128948774627,-0.0464104583102595,-0.02300997743884911,-0.018525024073780684,0.029690343780425676,0.016420947247415246
QGIS,19.0592560744889,-0.06634268266233212,-0.02224100735268672,-7.632981493127882E-4,0.03794122828425239,0.01649369506184528
QGIS,35.68738832711025,-0.001563977865638444,0.0024021887809280718,0.004394008344043314,0.011158441763304827,0.003420884249585393
QGIS,19.365761227014605,-0.12638243820319267,-0.06489559265340744,-0.03127898841501418,0.06980797515587711,0.046296382349744966
QGIS,28.678928064178006,0.003722831102073415,0.0016998485602784802,-0.002524015651702285,0.012220604716743022,0.004006936569492803
QGIS,40.36144615237918,-0.023526059393981003,-0.009107240519799886,-0.010118326539654415,-0.0011824595654426062,0.0022358734792228274
QGIS,23.442739142350977,-0.07802098431423199,-0.02212727648850335,-0.003553342949344003,-0.020475593834942574,0.005956313567908406
QGIS,35.33286534676783,-0.024135296218421365,-0.008120060770615362,-0.008566971681614181,0.03918230547249313,0.010502926331161844
QGIS,29.393140238498585,-0.059773256773364425,-0.022549527768625344,-0.011551752108458711,0.01235976591111232,0.014708821183063436
QGIS,17.34550386759978,-0.032823184427524854,-0.011750765985302808,-0.007915245370513238,0.02502701386522932,0.011073355204555657
QGIS,37.73369782950929,-0.09856024804698987,-0.042927788473504036,-0.017480455908860295,0.10577010288863131,0.0443089464309491
QGIS,18.020536781258855,-0.03878475582687135,-0.009059428269294983,-0.012242540810846456,7.799857697787793E-4,0.006462742169677599
QGIS,17.704229577284032,-0.06889344204898526,-0.03894611098946943,-0.008973327695608834,0.064302404644899,0.02020914414906136
QGIS,30.432785689784584,-0.07449698523629994,-0.02618259080910393,-0.02053382287086918,0.08782040102103217,0.03437535392693225
QGIS,19.327096301221204,-0.05744790579227699,-0.018658557843479168,-9.108547294489969E-5,0.0036640894024020376,0.011945265516105225
QGIS,21.514051350218768,-0.06835861542061622,-0.02431895376492621,0.0035412533466868297,-0.04293113058030884,3.609052417723191E-4
QGIS,22.302978705531906,-0.01645734940422794,4.849485354718186E-4,-0.0017851869588343464,-0.022803664496108045,-0.006618749812356994
QGIS,34.65015237623985,-0.042651660825012164,-0.02549298115818911,-7.586179085429766E-4,-0.040647467525474656,-0.01563664904676984
QGIS,21.060978761612965,-0.021328231248193774,-0.0029856483781169063,-0.00808757561335252,-0.01017281450757146,0.002622193355067498
QGIS,23.496989117454707,-0.0772927176853489,-0.026534725197907644,-0.0188040139269375,0.1138204347427283,0.04048988843657905
QGIS,19.28752871632331,-0.05451000918471843,-0.016334675284145145,-0.0024984547813896307,0.05250540644513202,0.01891308941985903
QGIS,18.32530845371775,-0.11652212138308969,-0.057372916491591236,-0.015538032615668707,0.011176164674499667,0.004212010456780227
QGIS,18.110397751672323,-0.04950620770675476,-0.012550139500336094,-0.00433587266356391,0.003382536011803605,0.0037734023108640102
QGIS,20.223658738159934,-0.019598969498172636,-0.00667179543994767,0.0014195577360920641,-7.61234751482931E-5,0.001312543520057552
QGIS,20.251184097706386,-0.08527902037124191,-0.039830873388002314,-0.023066995019648973,0.058939578107946256,0.03252858430894201
QGIS,24.809591429799806,-0.05195361124402295,-0.019120874166118823,-0.011628832687081954,0.02507241453568443,0.012365251102446129
QGIS,27.891743614073043,-0.10963838829200984,-0.03482424552097563,-0.021403057094666243,0.06008919778052291,0.03234769914290897
QGIS,19.012435581753135,-0.05084435306087896,-0.0280342406062574,-0.004348851794441082,-0.012275019849714353,-0.006638757038578552
QGIS,28.854312299937472,-0.051504360068849675,-0.03072715509083195,-0.005134150297784221,-0.051882989812070734,-0.017576623127416285
QGIS,26.115945189213587,-0.016301451219304708,3.3913123101822484E-4,-0.0040609374930536905,0.015241370878909866,0.0051338145760855824
QGIS,20.449051261113457,-0.03818525726871472,-0.008169117915213853,-0.007888258230651327,-0.007699525694448983,0.0030382055843329037
QGIS,22.151178062403662,-0.04885213790880044,-0.024381758209261875,-7.780132256101393E-4,-0.04138557387857511,-0.008782833085075409
QGIS,18.804532766372397,-0.04301306015898469,-0.01919100498351327,-0.004725913174125088,0.004107491296112098,0.004463924665304625
QGIS,25.277960074447098,-0.04207322098199995,-0.011686061466650577,-0.0033008809116017697,-0.01599219979610189,6.326631970992314E-4
QGIS,26.60918094995079,-0.0379812885652237,-0.016240421214527914,-0.002491370394728568,0.03462169768653478,0.011633100479268244
QGIS,20.659664236958086,-0.08511742098674163,-0.02488423726071287,-0.021374038035326084,-0.00474560217277209,0.018099487575212597
QGIS,29.145730274925043,-0.00480349886642744,-0.0019269507768271098,0.0025150544313335727,-0.036927946426441594,-0.012594327326585691
QGIS,22.59859246486988,-0.15136665052260195,-0.05430734408919863,-0.01247780026158072,0.0210458702110774,0.028404334512183743
QGIS,22.319385562278196,-0.024020045261443617,-0.012958603745798356,0.001150290517830535,-0.029258039181541573,-0.01156192683916435
QGIS,76.34362782178394,-0.023456811161125003,-0.0153227144676825,-9.441529140766535E-4,-0.06106981079032314,-0.02590864585935565
QGIS,23.65630171645015,-0.03183040394249763,-0.013971125955559535,-0.006229937834737345,-0.015257396309225957,-0.005048505926913166
QGIS,23.500375582719457,-0.08218822414738716,-0.036166122529839945,-0.0038725031517422587,-0.005000064915243296,0.005836381080510766
QGIS,23.271709012298633,-0.01520489218049477,-0.008094640313683295,-9.390123045757513E-4,-0.005908574109265929,1.8046235526342214E-4
QGIS,19.3690482950561,-0.04585127526970334,-0.015350055225311077,0.0028785194935479867,-0.021850013674339586,0.0015557281097451636
QGIS,44.07183823592443,-0.1168243410284675,-0.04834292456148602,-0.0056565361752876925,0.04301279507489042,0.027675901253344404
QGIS,21.366329557619217,-0.06739861355221466,-0.025324527708376066,-0.010361883584411542,0.04393715730578829,0.01820798486026265
QGIS,20.32649089898599,-0.08557280908105619,-0.0191127898671323,-0.00940208944300484,-0.06886266406878527,-7.713343305297271E-4
QGIS,28.978701519048027,-0.04696149846216083,-0.020578906972817917,-0.006048537306911541,0.0654138260178665,0.022730532644731044
QGIS,18.46719285807438,-0.04766058083902244,-0.02338924965059115,0.004818920321698334,0.0017057562726845443,0.002182013809853195
QGIS,31.104708631582323,-0.0864153698748999,-0.023000978971452035,-0.0020133664962497105,0.04030537730718353,0.023100449453188204
QGIS,18.035544701816345,0.04169488216077469,0.01786141771362129,0.003324499403034458,-0.018592292486053763,-0.011592801634852046
QGIS,32.9314710000658,-0.03801772475025672,-0.017768641415595615,-0.0015602231351562312,0.019385926089570793,0.005995737598315981
QGIS,24.298827294384257,0.012383737040371295,0.0067713679668919835,-0.005573500479024211,0.005546325316351908,-0.006837867640815509
QGIS,22.05541131029002,-0.004868690335427056,-0.002650122552838169,-1.7066239596606053E-4,0.0036928510525089386,0.0021258109541640313
QGIS,18.326176931169183,-0.14034164956921052,-0.04563055199718974,-0.01457327265877054,0.04056709433017125,0.029147814972826536
QGIS,21.59453595841442,0.038700656507365566,0.01729034949042088,0.0042224748081633665,0.004144354235764869,-0.005044125519330422
QGIS,19.140084848529924,-0.019535541968760284,-0.0010181543874674404,-0.0027347709357329816,-0.007317009771411476,4.5997968829025737E-4
QGIS,19.0325156108475,-0.030197247691720164,-0.010642480175813013,-0.004003304733114547,0.008127948190469247,0.00361516777618881
QGIS,29.710354177900168,-0.07875855169713075,-0.027778320508388937,-0.008055632252564147,0.03800949772688389,0.0216816396538089
QGIS,23.703349554504083,-0.0606172503144044,-0.016874357599237333,-0.006618539576816525,-0.011639968372426424,0.0074793536999624155
QGIS,19.7643591427789,-0.01059725972017661,5.9308507642741315E-5,0.0023467150323257142,0.009634156782422743,0.004937396394883775
QGIS,20.849076252260783,-0.08852105110956465,-0.03401326693557791,-0.015468470418723276,0.04070719356450381,0.025668758291569477
QGIS,17.677240035328687,-0.08396570519885543,-0.026630539878016113,0.0028541289153197324,-0.009680341052071162,0.004526426459668775
QGIS,19.3303899441049,-0.03952399706206003,-0.016457235005474177,0.0036978741493778108,0.0018338202284302607,0.0032016680399119812
QGIS,32.61874653566471,-0.03228751411874731,-0.005212772063691917,-0.00498518482712812,0.012753004755614583,0.008434820956367883
QGIS,46.46299042342289,-0.15225643137742645,-0.06478742945398773,-7.169306555814491E-4,-0.03542164397845915,-3.315855522964817E-4
QGIS,24.637714036665187,-0.028268843840321245,-0.007487468056462859,-6.096692795171214E-4,-0.026973418330872523,-0.0016415963595204641
QGIS,23.367258691589704,-0.049085245566216185,-0.008562028571703462,-0.003411749273931844,-0.0032572507555002073,0.003503444586179766
QGIS,18.619111070154943,-0.054012537045768805,-0.017526257322913213,-0.006682600963443796,0.054794263839067714,0.01868748788368854
QGIS,18.945348443901537,-0.031136512031988695,-0.011207187906374705,-0.00970803062595283,0.005176803178692957,0.008920927623442376
QGIS,33.87299537593467,-0.05961456076740675,-0.031984530455743065,-0.008738004494933874,0.006703867339783232,0.0031829509603265582
QGIS,17.76077411624101,-0.006589122595595593,-0.0029338547899479227,0.0022086879948194946,-0.09836907730914235,-0.03150145002399016
QGIS,20.68507067931486,-0.04503163957750567,-0.022590870688123932,-0.010777797568873565,0.06241637827113289,0.02482703439063534
QGIS,45.49236624974735,-0.09575085022118673,-0.029866003159289167,-0.00746077456146833,0.045979993909609496,0.0279228100062405
QGIS,19.20234808962964,-0.042783104888171414,-0.01631352296305366,-6.947956437485248E-4,-0.004473159201050292,0.0076402968958738104
QGIS,17.43884357576481,-0.01750999844792922,-0.006626448408196789,-0.0012623868868820998,-0.008308083775460329,-7.945990459546914E-4
QGIS,24.4001395716943,-0.053952862777768985,-0.02626135933390593,-0.0031135471481872528,-0.018199610717895665,7.767636942487E-4
QGIS,32.75702407615134,-0.09609902918994828,-0.03461267735028151,-0.0042990542365763905,0.03451742066153485,0.019857876981714373
QGIS,18.617401404748453,0.0038017354576470874,0.003584657023309932,-0.0028997831537763584,-0.025896508229012793,-1.4980927843591396E-4
QGIS,22.458714247410395,-0.09083370318039938,-0.037502294930277486,0.0037569869018682176,-0.0032702043284982274,-0.00434130338984115
QGIS,24.495835695992568,-0.14167785592323168,-0.049915520264918786,-0.004111089913711596,0.021241666699459483,0.02348797438651011
QGIS,23.837927947187506,-0.03510928393276968,-0.02075414379093514,-0.006591122632872319,-0.02748480203361292,-0.014101740070910196
QGIS,22.89038889243994,-0.04636595627929095,-0.021869419634665935,-8.578099546096569E-4,-0.03661376702958141,-0.007062795626093049
QGIS,17.2811554942843,-0.08165110574679646,-0.02466608680338614,-0.007119212006862681,-0.015407634354073663,0.007644885879434654
QGIS,39.34509460501562,-0.09564300674340573,-0.040753774749151345,-0.009048284003307991,0.0011146644630195546,0.016932693302208313
QGIS,18.11918366290164,0.005915004203113028,0.003717625884156417,0.0026182258733939354,-0.017187937424332445,-0.003962874369780184
QGIS,22.6955735292724,-0.08955799137219456,-0.04405303199223599,-0.011149855254722991,0.01618805404621071,0.009062155907491848
QGIS,20.417116029113718,-0.05707541095355487,-0.026628397288643614,-0.009893626867869692,-0.028689951354051946,-0.0010699739139237163
