id_cand,zona,confianza,confusor,coord_x,coord_y,area_m2,circularidad,blanqueamiento,vari,distancia_similitud,radio_m,dif_NDVI,dif_MSAVI,dif_GLI,dif_MSI,dif_BSI,cumple_NDVI,cumple_MSAVI,cumple_GLI,cumple_MSI,cumple_BSI,comp_vegetacion,comp_verdor,comp_humedad,comp_suelo,puntaje_indices,puntaje_componentes,prioridad_espectral
C157,0,baja,Erosión,5090435.625054045,2867656.520855756,1274.5,0.1765,110.6614,-0.0684,2.23,20.141647150648858,-0.08938495463518809,-0.04070914074361148,-0.01417150321422682,0.07335003059234357,0.027244286231809134,1,1,1,1,1,1,1,1,1,5,4,Muy alta
C031,0,baja,Infraestructura,5091875.514575755,2866140.177975459,4014.7,0.1273,116.1648,-0.0121,0.735,35.747988755481956,-0.08472518902987847,-0.029151713550857244,-0.015777931474169442,0.1188273728141338,0.03665395335853383,1,1,1,1,1,1,1,1,1,5,4,Muy alta
C059,0,baja,Infraestructura,5092716.831037397,2865481.9920417843,2172.4,0.1335,119.6,-0.0307,1.084,26.296319072175613,-0.06225514844035396,-0.024231483411855492,-0.010072859014037051,0.12478397310972622,0.027806803586272216,1,1,1,1,1,1,1,1,1,5,4,Muy alta
C104,0,baja,Infraestructura,5090478.296398465,2866787.264333229,7369.0,0.084,120.8003,-0.0487,1.642,48.43165856429401,-0.08000625276712309,-0.038374369288755594,-0.019863142982864054,0.16428151818540382,0.03720919085440258,1,1,1,1,1,1,1,1,1,5,4,Muy alta
C134,0,baja,Infraestructura,5091047.013665177,2866656.1995265186,1808.2,0.2377,121.8516,-0.0577,1.963,23.990996982149998,-0.10521759095180752,-0.0509899380855815,-0.03365542129748961,0.12310677892383604,0.04096162324072733,1,1,1,1,1,1,1,1,1,5,4,Muy alta
C164,0,baja,Vegetación irregular,5090560.734574239,2867700.9508583895,2952.4,0.1056,111.8679,-0.0701,2.302,30.65580055991074,-0.06336489580469079,-0.025795004160302656,-0.007774153919979113,0.08661439940860238,0.0237502599115485,1,1,1,1,1,1,1,1,1,5,4,Muy alta
C129,1,baja,Infraestructura,5114574.879471575,2879558.358438851,1412.1,0.1336,117.7778,-0.058,1.917,21.20107049844726,-0.1287748537468087,-0.06711886301501585,-0.019073577997133804,0.09260000363137699,0.04047726034833721,1,1,1,1,1,1,1,1,1,5,4,Muy alta
C054,1,baja,Nubes,5121019.249672257,2881099.0343063865,9149.2,0.1751,125.5066,-0.0143,1.029,53.96555207419579,-0.11744261680012072,-0.05545749833114781,-0.024452552284285743,0.081012790173282,0.0410089675054464,1,1,1,1,1,1,1,1,1,5,4,Muy alta
C007,1,baja,Vegetación irregular,5119628.353717778,2881562.224755662,944.7,0.1135,87.5727,-0.0194,0.296,17.34091547404078,-0.13445939129784235,-0.06193238327245357,-0.03522598101828493,0.13241663697260253,0.06836048819531906,1,1,1,1,1,1,1,1,1,5,4,Muy alta
C008,1,baja,Vegetación irregular,5118905.631767374,2880307.602480845,1827.7,0.1189,87.2417,-0.0199,0.316,24.120012002030894,-0.06783173384950458,-0.02893436511573494,-0.018106475585533806,0.06968510597850774,0.035770670674765095,1,1,1,1,1,1,1,1,1,5,4,Muy alta
C029,1,baja,Vegetación irregular,5117734.758656778,2881622.840583106,1178.2,0.1598,105.993,6.0E-4,0.68,19.365761227014605,-0.12638243820319267,-0.06489559265340744,-0.03127898841501418,0.06980797515587711,0.046296382349744966,1,1,1,1,1,1,1,1,1,5,4,Muy alta
C052,1,baja,Vegetación irregular,5118248.259389366,2880524.385679424,4473.1,0.1384,80.9187,-0.0367,0.993,37.73369782950929,-0.09856024804698987,-0.042927788473504036,-0.017480455908860295,0.10577010288863131,0.0443089464309491,1,1,1,1,1,1,1,1,1,5,4,Muy alta
C069,1,baja,Vegetación irregular,5115556.274859558,2877742.9372668364,984.7,0.0945,91.7027,-0.043,1.165,17.704229577284032,-0.06889344204898526,-0.03894611098946943,-0.008973327695608834,0.064302404644899,0.02020914414906136,1,1,1,1,1,1,1,1,1,5,4,Muy alta
C071,1,baja,Vegetación irregular,5110028.686191523,2878457.587517609,2909.6,0.0648,81.2876,-0.0419,1.18,30.432785689784584,-0.07449698523629994,-0.02618259080910393,-0.02053382287086918,0.08782040102103217,0.03437535392693225,1,1,1,1,1,1,1,1,1,5,4,Muy alta
C095,1,baja,Vegetación irregular,5110417.917504813,2877855.3075551856,1734.5,0.1002,95.117,-0.0525,1.537,23.496989117454707,-0.0772927176853489,-0.026534725197907644,-0.0188040139269375,0.1138204347427283,0.04048988843657905,1,1,1,1,1,1,1,1,1,5,4,Muy alta
C114,1,baja,Vegetación irregular,5118407.522262668,2880578.448493473,1288.4,0.0886,100.4404,-0.0572,1.736,20.251184097706386,-0.08527902037124191,-0.039830873388002314,-0.023066995019648973,0.058939578107946256,0.03252858430894201,1,1,1,1,1,1,1,1,1,5,4,Muy alta
C118,1,baja,Vegetación irregular,5110768.387927993,2878617.5888344278,2444.0,0.0707,102.16,-0.0583,1.784,27.891743614073043,-0.10963838829200984,-0.03482424552097563,-0.021403057094666243,0.06008919778052291,0.03234769914290897,1,1,1,1,1,1,1,1,1,5,4,Muy alta
C206,1,baja,Vegetación irregular,5115288.854610111,2878891.1684909766,6102.0,0.0795,104.2909,-0.0853,2.839,44.07183823592443,-0.1168243410284675,-0.04834292456148602,-0.0056565361752876925,0.04301279507489042,0.027675901253344404,1,1,1,1,1,1,1,1,1,5,4,Muy alta
C215,1,baja,Vegetación irregular,5111350.1640711455,2876494.657297774,1434.2,0.1009,110.7766,-0.0943,3.219,21.366329557619217,-0.06739861355221466,-0.025324527708376066,-0.010361883584411542,0.04393715730578829,0.01820798486026265,1,1,1,1,1,1,1,1,1,5,4,Muy alta
C066,2,baja,Vegetación irregular,5104743.800301573,2886364.6400897587,1055.1,0.0646,85.9559,-0.042,1.145,18.326176931169183,-0.14034164956921052,-0.04563055199718974,-0.01457327265877054,0.04056709433017125,0.029147814972826536,1,1,1,1,1,1,1,1,1,5,4,Muy alta
C109,2,baja,Vegetación irregular,5105364.378841044,2881967.41324902,1365.6,0.0772,85.3019,-0.056,1.691,20.849076252260783,-0.08852105110956465,-0.03401326693557791,-0.015468470418723276,0.04070719356450381,0.025668758291569477,1,1,1,1,1,1,1,1,1,5,4,Muy alta
C166,1,media,Infraestructura,5117398.954379507,2880512.849302849,6501.7,0.0692,119.7653,-0.0691,2.343,45.49236624974735,-0.09575085022118673,-0.029866003159289167,-0.00746077456146833,0.045979993909609496,0.0279228100062405,1,1,1,1,1,1,1,1,1,5,4,Muy alta
C084,0,baja,Erosión,5092467.231731301,2866600.2325769598,1621.2,0.0832,130.2826,-0.0314,1.377,22.716601583008877,-0.09582383216257401,-0.036320382110965416,-0.007144693172646521,0.013380896458594638,0.01360662944753302,1,1,1,0,1,1,1,0,1,4,3,Alta
C227,0,baja,Erosión,5093353.863803946,2867510.0542503255,2901.5,0.0788,108.955,-0.1544,5.539,30.390395436095737,-0.07833685947203767,-0.0318300669987643,-0.02312881490088689,0.02769040703349135,0.02582048612419463,1,1,1,0,1,1,1,0,1,4,3,Alta
C135,0,baja,Infraestructura,5090856.442486611,2866901.5309194466,1868.2,0.1259,122.1175,-0.0577,1.968,24.38578539577017,-0.07095504072905309,-0.026177044214452244,-0.02593956927798928,0.03388563099779707,0.012563451965806133,1,1,1,0,1,1,1,0,1,4,3,Alta
C211,0,baja,Infraestructura,5090565.972894656,2866935.2001652606,2015.0,0.0913,118.9658,-0.086,2.958,25.32576594419877,-0.08296328357967606,-0.03503236064053239,-0.02077271126745165,-0.008372337805885088,0.015093305956181857,1,1,1,0,1,1,1,0,1,4,3,Alta
C061,0,baja,Vegetación irregular,5090005.852239533,2866169.0222942736,4054.5,0.1815,110.3693,-0.0375,1.096,35.924746812360134,-0.07193697296228713,-0.027844960191905854,-0.006908220551249461,0.03397000736948397,0.01606131925595719,1,1,1,0,1,1,1,0,1,4,3,Alta
C086,0,baja,Vegetación irregular,5090680.812929565,2866698.7176970993,3759.5,0.0756,104.4244,-0.0478,1.4,34.59314985814332,-0.055230879425290286,-0.02282407062235653,-0.0199288488933916,0.0893170420843925,0.020705453847044364,1,0,1,1,1,0,1,1,1,4,3,Alta
C094,0,baja,Vegetación irregular,5090480.555964784,2866648.9910155274,1236.1,0.0679,107.8765,-0.0503,1.523,19.835898021309337,-0.06358846584111189,-0.027107850458917088,-0.007023490341559279,0.028509556961288762,0.014911698263670031,1,1,1,0,1,1,1,0,1,4,3,Alta
C198,0,baja,Vegetación irregular,5090815.654935621,2867946.295265349,2072.4,0.1111,115.8069,-0.0801,2.712,25.68395234630542,-0.08554341760704642,-0.04037080074724045,-0.008969163361446823,0.03962782239965201,0.017371232893522992,1,1,1,0,1,1,1,0,1,4,3,Alta
C055,1,baja,Nubes,5120899.060141701,2880882.258017555,1990.9,0.3969,125.3254,-0.017,1.033,25.173858512419365,-0.06278952149446798,-0.030786465463568703,6.358958556507716E-4,0.04177278277836294,0.019870007015061725,1,1,0,1,1,1,0,1,1,4,3,Alta
C179,1,baja,Vegetación irregular,5111370.333779858,2879053.0759840747,1340.9,0.119,99.528,-0.0765,2.481,20.659664236958086,-0.08511742098674163,-0.02488423726071287,-0.021374038035326084,-0.00474560217277209,0.018099487575212597,1,1,1,0,1,1,1,0,1,4,3,Alta
C183,1,baja,Vegetación irregular,5117298.320997912,2880363.8148830663,1604.4,0.0824,119.3289,-0.0738,2.51,22.59859246486988,-0.15136665052260195,-0.05430734408919863,-0.01247780026158072,0.0210458702110774,0.028404334512183743,1,1,1,0,1,1,1,0,1,4,3,Alta
C207,2,baja,Erosión,5102899.5358347455,2887040.3423086237,2638.2,0.0641,99.3087,-0.0858,2.845,28.978701519048027,-0.04696149846216083,-0.020578906972817917,-0.006048537306911541,0.0654138260178665,0.022730532644731044,0,0,1,1,1,0,1,1,1,3,3,Alta
C009,2,baja,Vegetación irregular,5105464.801464208,2886276.586212048,3039.5,0.09,83.7099,-0.0165,0.318,31.104708631582323,-0.0864153698748999,-0.023000978971452035,-0.0020133664962497105,0.04030537730718353,0.023100449453188204,1,1,0,1,1,1,0,1,1,4,3,Alta
C089,2,baja,Vegetación irregular,5104530.045183623,2881859.933884462,2773.1,0.077,83.6259,-0.0497,1.457,29.710354177900168,-0.07875855169713075,-0.027778320508388937,-0.008055632252564147,0.03800949772688389,0.0216816396538089,1,1,1,0,1,1,1,0,1,4,3,Alta
C186,0,media,Vegetación irregular,5090919.148548979,2865498.625885018,1089.1,0.1012,106.8081,-0.0776,2.553,18.619111070154943,-0.054012537045768805,-0.017526257322913213,-0.006682600963443796,0.054794263839067714,0.01868748788368854,1,0,1,1,1,0,1,1,1,4,3,Alta
C045,1,media,Infraestructura,5114342.860695739,2879717.2859963053,1344.2,0.1839,121.8481,-0.014,0.913,20.68507067931486,-0.04503163957750567,-0.022590870688123932,-0.010777797568873565,0.06241637827113289,0.02482703439063534,0,0,1,1,1,0,1,1,1,3,3,Alta
C141,1,media,Vegetación irregular,5118317.52672106,2879638.454576994,4863.3,0.076,99.2092,-0.0655,2.054,39.34509460501562,-0.09564300674340573,-0.040753774749151345,-0.009048284003307991,0.0011146644630195546,0.016932693302208313,1,1,1,0,1,1,1,0,1,4,3,Alta
C064,0,baja,Infraestructura,5090543.776543603,2867074.3912446527,3148.7,0.0896,118.2353,-0.0329,1.11,31.658527107667243,-0.09577823420752377,-0.025274590550029535,-0.006241120594184025,-0.0385051541669259,-0.002050869733847188,1,1,1,0,0,1,1,0,0,3,2,Media
C199,0,baja,Infraestructura,5091789.080534217,2865395.641724423,1139.2,0.1067,127.094,-0.077,2.714,19.04254768513327,-0.10261668999384849,-0.04488919622165327,-0.010930626390727807,0.0068236998423032436,0.005447511524172277,1,1,1,0,0,1,1,0,0,3,2,Media
C201,0,baja,Infraestructura,5092348.881738025,2866663.7839601613,2139.7,0.3169,138.7869,-0.0732,2.756,26.097656283035395,-0.11108942448799744,-0.041992212404183535,-0.010298234321900265,-0.019758938155618466,0.010413558995066463,1,1,1,0,0,1,1,0,0,3,2,Media
C210,0,baja,Infraestructura,5090916.005052321,2867353.5741158836,2211.5,0.2038,125.0391,-0.0831,2.911,26.531911225832435,-0.08104181920455489,-0.03633956195614499,-0.006452371924649425,-0.02270570116899262,0.001523760804222174,1,1,1,0,0,1,1,0,0,3,2,Media
C128,0,baja,Vegetación irregular,5090246.902208684,2866832.7969049495,1440.7,0.1,106.3412,-0.0608,1.905,21.414692456932162,-0.028354608720928598,-0.013768030946455623,-0.005663880816019337,0.046610951590708494,0.012192005280659918,0,0,1,1,0,0,1,1,0,2,2,Media
C156,0,baja,Vegetación irregular,5090531.259865807,2867471.0339112314,1664.6,0.1142,114.1896,-0.0676,2.229,23.018658443565688,-0.1029744158665177,-0.02777500739471242,-0.007786076388932406,-0.0828705524600637,0.0025377562031542455,1,1,1,0,0,1,1,0,0,3,2,Media
C037,1,baja,Erosión,5121013.559975243,2880646.541069875,2394.6,0.0965,110.1308,-0.0292,0.826,27.608419973908415,-0.046702274392682694,-0.024455832177162226,-0.007631281684978503,0.03658158775939668,0.014274744110174625,0,1,1,0,1,0,1,0,1,3,2,Media
C049,1,baja,Erosión,5121583.840940208,2879943.991949714,2143.6,0.0667,111.263,-0.0326,0.955,26.121429364098237,-0.0666915645742491,-0.03268807779173745,-0.005693541405100151,-0.0076946339931898144,-6.376794129139274E-4,1,1,1,0,0,1,1,0,0,3,2,Media
C108,1,baja,Erosión,5122937.159499702,2880626.837036764,4519.2,0.0702,110.0525,-0.0539,1.677,37.92764213132405,-0.08354619277830283,-0.04703325303291063,-0.006842640011269239,-0.004548504962591071,-0.003842703423329874,1,1,1,0,0,1,1,0,0,3,2,Media
C176,1,baja,Erosión,5121275.920164536,2880001.4713960756,2680.0,0.1066,124.7522,-0.0702,2.441,29.20737055903114,-0.0830155906617396,-0.04275615597977474,-0.012686081902615574,-0.003194479607196543,0.005089098713633791,1,1,1,0,0,1,1,0,0,3,2,Media
C192,1,baja,Erosión,5120917.152096323,2879242.96326418,1005.1,0.2131,112.8527,-0.078,2.609,17.886678467600632,-0.07242586578289922,-0.03206945018423001,-0.012229569445325614,-0.0010510093480742277,0.008608496173746677,1,1,1,0,0,1,1,0,0,3,2,Media
C002,1,baja,Vegetación irregular,5117174.981079401,2879427.350786405,2131.4,0.1156,89.1756,-0.0177,0.213,26.046990064345852,-0.09858938843660564,-0.03478934288625099,-0.010779822933178522,-0.004774799324008816,0.005375350818311891,1,1,1,0,0,1,1,0,0,3,2,Media
C005,1,baja,Vegetación irregular,5117565.320281417,2881624.0138972,1748.0,0.0909,84.1457,-0.0145,0.282,23.58825303088947,-0.044303376351755464,-0.009646169920704578,-0.009899115353030001,0.030489198677829954,0.02212381485868982,0,0,1,0,1,0,1,0,1,2,2,Media
C010,1,baja,Vegetación irregular,5110329.96921641,2878516.1720086425,1131.6,0.0741,88.8447,-0.0208,0.323,18.978921655499228,-0.06588971281604938,-0.02069100827528636,-0.0194646511583675,0.01606058796560128,0.017121342647511542,1,0,1,0,1,0,1,0,1,3,2,Media
C015,1,baja,Vegetación irregular,5119603.4043854615,2880413.3070434877,1169.5,0.1037,89.7401,-0.0242,0.442,19.294128948774627,-0.0464104583102595,-0.02300997743884911,-0.018525024073780684,0.029690343780425676,0.016420947247415246,0,1,1,0,1,0,1,0,1,3,2,Media
C047,1,baja,Vegetación irregular,5113174.674815348,2879902.573380415,2714.2,0.0841,91.5998,-0.0371,0.936,29.393140238498585,-0.059773256773364425,-0.022549527768625344,-0.011551752108458711,0.01235976591111232,0.014708821183063436,1,0,1,0,1,0,1,0,1,3,2,Media
C103,1,baja,Vegetación irregular,5119358.935202781,2882104.030702474,1168.7,0.0848,83.8393,0.028,1.636,19.28752871632331,-0.05451000918471843,-0.016334675284145145,-0.0024984547813896307,0.05250540644513202,0.01891308941985903,1,0,0,1,1,0,0,1,1,3,2,Media
C110,1,baja,Vegetación irregular,5120651.869048092,2879757.130902512,1055.0,0.0846,106.8997,-0.0552,1.699,18.32530845371775,-0.11652212138308969,-0.057372916491591236,-0.015538032615668707,0.011176164674499667,0.004212010456780227,1,1,1,0,0,1,1,0,0,3,2,Media
C116,1,baja,Vegetación irregular,5117605.609407919,2880484.4390124534,1933.7,0.0998,90.7265,-0.0586,1.776,24.809591429799806,-0.05195361124402295,-0.019120874166118823,-0.011628832687081954,0.02507241453568443,0.012365251102446129,1,0,1,0,1,0,1,0,1,3,2,Media
C153,1,media,Erosión,5121325.357074388,2879766.578648125,3604.6,0.1144,122.2151,-0.0641,2.192,33.87299537593467,-0.05961456076740675,-0.031984530455743065,-0.008738004494933874,0.006703867339783232,0.0031829509603265582,1,1,1,0,0,1,1,0,0,3,2,Media
C020,1,media,Vegetación irregular,5115720.655040086,2878636.591919858,3371.0,0.0661,88.5135,-0.0266,0.541,32.75702407615134,-0.09609902918994828,-0.03461267735028151,-0.0042990542365763905,0.03451742066153485,0.019857876981714373,1,1,0,0,1,1,0,0,1,3,2,Media
C026,1,media,Vegetación irregular,5120013.791405229,2882465.0363707426,1885.1,0.0748,95.9103,-0.0301,0.667,24.495835695992568,-0.14167785592323168,-0.049915520264918786,-0.004111089913711596,0.021241666699459483,0.02348797438651011,1,1,0,0,1,1,0,0,1,3,2,Media
C132,1,media,Vegetación irregular,5115622.029421084,2879735.987530224,938.2,0.0708,98.8016,-0.0626,1.938,17.2811554942843,-0.08165110574679646,-0.02466608680338614,-0.007119212006862681,-0.015407634354073663,0.007644885879434654,1,1,1,0,0,1,1,0,0,3,2,Media
C149,1,media,Vegetación irregular,5121767.883473237,2880290.776892127,1618.2,0.2452,120.0844,-0.063,2.126,22.6955735292724,-0.08955799137219456,-0.04405303199223599,-0.011149855254722991,0.01618805404621071,0.009062155907491848,1,1,1,0,0,1,1,0,0,3,2,Media
C196,1,media,Vegetación irregular,5120831.160775246,2879547.4901101515,1309.6,0.0933,109.2549,-0.0808,2.69,20.417116029113718,-0.05707541095355487,-0.026628397288643614,-0.009893626867869692,-0.028689951354051946,-0.0010699739139237163,1,1,1,0,0,1,1,0,0,3,2,Media
C092,0,alta,Ninguno,5091794.75266,2866885.4136021757,2125.4,0.0634,111.9535,-0.048,1.487,26.010302422213947,-0.06924664822608784,-0.0249100880851775,-3.688823703882596E-4,0.004504143510650094,0.012229737037113025,1,1,0,0,0,1,0,0,0,2,1,Baja
C174,1,alta,Ninguno,5121562.778287547,2882818.8050528676,17364.4,0.3867,130.3608,-0.0666,2.398,74.34554584943079,-0.05877533984079909,-0.03127480669907849,-0.0029802522401755887,-0.019688333367908317,-0.00639171383467288,1,1,0,0,0,1,0,0,0,2,1,Baja
C021,2,alta,Ninguno,5100502.178093936,2888075.513987132,1014.9,0.0838,74.591,-0.0093,0.598,17.973666946061094,-8.80563410949331E-4,0.0023598140760315023,-0.008324736385940185,0.007456776823720812,0.00267639992297547,0,0,1,0,0,0,1,0,0,1,1,Baja
C001,0,baja,Camino,5095244.655452313,2867473.4697225597,1344.1,0.0732,96.6441,-0.0148,0.132,20.684301245621835,-0.06392663948718358,-0.007153456151425069,-0.01457343811535506,-0.013362460749058114,0.003490477857894886,1,0,1,0,0,0,1,0,0,2,1,Baja
C058,0,baja,Erosión,5090640.16075476,2867622.285796279,3436.1,0.0909,124.946,-0.0068,1.041,33.071809746612345,-0.08108407974423962,-0.023533683393225382,-0.005000148887032842,-0.04915879779571197,-0.004095106604566218,1,1,0,0,0,1,0,0,0,2,1,Baja
C088,0,baja,Erosión,5091100.733551557,2867520.5617183507,11725.6,0.0907,136.3833,-0.0247,1.443,61.09316165854126,-0.0704765799190255,-0.023371800390978192,0.005654711955452709,-0.04904993927131307,-0.007361889503672975,1,1,0,0,0,1,0,0,0,2,1,Baja
C214,0,baja,Erosión,5089653.58942064,2867806.898526593,2101.2,0.0647,113.9256,-0.0921,3.151,25.861800649788115,-0.01543562231051096,8.292819347795188E-4,-0.01006117044121022,-0.06661109929171505,-0.006801382227824726,0,0,1,0,0,0,1,0,0,1,1,Baja
C117,0,baja,Infraestructura,5094364.920665085,2866783.5319635314,3737.0,0.0646,92.0723,-0.0587,1.779,34.48947730350267,-0.07371775738968711,-0.020575841601359113,-0.008994342238795399,-0.01070602260364062,0.0061235260092575294,1,0,1,0,0,0,1,0,0,2,1,Baja
C011,0,baja,Vegetación irregular,5095808.522010001,2867804.3464424456,1569.7,0.1002,89.3346,-0.0217,0.349,22.35287516948762,-0.03188605424963664,-0.010310407503083013,-0.005082539247982696,0.04163469814972709,0.008746352406648589,0,0,0,1,0,0,0,1,0,1,1,Baja
C057,0,baja,Vegetación irregular,5090062.684151921,2865576.562804012,10374.6,0.0799,105.4737,-0.0377,1.034,57.465970323334446,-0.0555742233973035,-0.01790837889997854,-0.008183906253688904,-0.007604146683457547,0.00465144107049989,1,0,1,0,0,0,1,0,0,2,1,Baja
C060,0,baja,Vegetación irregular,5095063.471535875,2867404.949693149,1002.7,0.0775,65.0733,0.0035,1.095,17.86531060117587,-0.011480489005499528,-0.004067094563629775,-0.006117516693151092,0.03446375348971409,0.007839102103763096,0,0,1,0,0,0,1,0,0,1,1,Baja
C062,0,baja,Vegetación irregular,5089881.5340417465,2867013.4052528003,1411.6,0.0658,106.6659,-0.039,1.096,21.197316701343095,-0.04152590150734681,-0.010867880752915893,-0.009112711798851243,0.010505880110722732,0.0086706235950888,0,0,1,0,0,0,1,0,0,1,1,Baja
C105,0,baja,Vegetación irregular,5090662.272392884,2864943.6642317474,1172.5,0.0753,103.7989,-0.0545,1.648,19.31885973732649,-7.875723893870923E-4,7.281346675813427E-4,-0.006802510636044413,-0.013332315808340267,-0.0022211992497833677,0,0,1,0,0,0,1,0,0,1,1,Baja
C124,0,baja,Vegetación irregular,5090829.54014679,2865065.940577124,1251.9,0.1192,98.6811,-0.0606,1.862,19.962268070374357,-0.04373496313286773,-0.011296473229143483,-0.008852485264160315,0.01445367192307856,0.01158059675316897,0,0,1,0,0,0,1,0,0,1,1,Baja
C162,0,baja,Vegetación irregular,5091032.322606487,2865337.0906277327,1164.1,0.1226,116.5284,-0.0682,2.275,19.24953346204917,-0.031144784108739276,-0.009632119233668524,-0.008419568742431726,-0.025683287243727815,-0.0017247746638832384,0,0,1,0,0,0,1,0,0,1,1,Baja
C170,0,baja,Vegetación irregular,5093882.251243324,2867518.5596509734,4269.0,0.0658,87.7769,-0.0737,2.367,36.862784812309044,-0.05752405335353819,-0.01579643395263436,-0.008665598015715596,-0.01472913144050847,0.008628414423257735,1,0,1,0,0,0,1,0,0,2,1,Baja
C182,0,baja,Vegetación irregular,5093735.526428496,2867732.487210702,7211.2,0.0643,71.1467,-0.0749,2.506,47.91029379213356,-0.03639778079249345,-0.011665646454500744,-0.006368432764306837,0.022459746918838563,0.010962157625692248,0,0,1,0,0,0,1,0,0,1,1,Baja
C191,0,baja,Vegetación irregular,5093445.937327899,2867373.249909776,2735.9,0.0649,93.7143,-0.0797,2.596,29.510405243070334,-0.05789229476260116,-0.019744418237650246,-0.013859598499718344,-0.0021260763521073756,0.011139257830206417,1,0,1,0,0,0,1,0,0,2,1,Baja
C212,0,baja,Vegetación irregular,5089813.431971982,2865000.590576567,4019.1,0.0698,106.5636,-0.0892,2.999,35.76757279382085,-0.04790518750620881,-0.018518961677912588,-0.007833831317131446,-0.021381311501098343,0.0014503702829542775,0,0,1,0,0,0,1,0,0,1,1,Baja
C217,0,baja,Vegetación irregular,5093994.40094192,2867811.417939647,956.7,0.2142,100.1965,-0.0997,3.385,17.45070394316609,-0.061558233588996675,-0.02292954689810099,-0.011909192642478916,-0.04101436621771315,0.0011852518407262091,1,0,1,0,0,0,1,0,0,2,1,Baja
C218,0,baja,Vegetación irregular,5091523.244734166,2867701.724249607,2815.6,0.1075,108.5413,-0.1033,3.552,29.937156103061643,-0.05419031360938231,-0.01644381519123439,-0.008590126417681341,-0.042142258969903645,0.005182064236584627,1,0,1,0,0,0,1,0,0,2,1,Baja
C225,0,baja,Vegetación irregular,5093171.9018729925,2867287.941590745,1284.7,0.1672,117.4029,-0.1303,4.638,20.22208472883832,-0.06083874559116359,-0.017927516319249506,-0.012635209892717169,-0.03571203172624071,0.008500677662370393,1,0,1,0,0,0,1,0,0,2,1,Baja
C033,1,baja,Erosión,5121495.271559417,2880469.0258106515,4554.7,0.1475,116.818,-0.0178,0.775,38.07631860620603,-0.05859088164739076,-0.027086803859346996,-0.003630410413344374,0.0036862799921524303,0.0024346624242943815,1,1,0,0,0,1,0,0,0,2,1,Baja
C121,1,baja,Erosión,5123271.983894859,2882822.845232455,1125.1,0.0741,121.345,-0.0535,1.813,18.924334940636165,-0.06837736077333192,-0.035341556988714815,-0.003956132950974982,0.01425035950023057,0.005832819231104347,1,1,0,0,0,1,0,0,0,2,1,Baja
C159,1,baja,Erosión,5122102.099241163,2880982.318261902,1039.7,0.1821,123.3954,-0.0649,2.236,18.191942960148243,-0.04908747281939974,-0.025025564917262204,-0.004234595416948623,-0.023972408981094873,2.06643212461749E-4,1,1,0,0,0,1,0,0,0,2,1,Baja
C160,1,baja,Erosión,5111496.539733133,2876258.8053656262,1155.6,0.0609,92.5052,-0.0705,2.238,19.17912679122771,-0.01888568580164457,-0.0032875290172122706,-0.009188214330252055,-0.0352839377197931,-0.0035824275168460096,0,0,1,0,0,0,1,0,0,1,1,Baja
C161,1,baja,Erosión,5121570.915826425,2881501.742147367,7082.0,0.0852,118.4416,-0.0675,2.27,47.47915978567445,-0.050744144551659605,-0.025489299971573356,-0.004516026235550402,7.579437158575786E-4,2.8338411956610465E-4,1,1,0,0,0,1,0,0,0,2,1,Baja
C163,1,baja,Erosión,5112132.11987532,2877178.854572234,2344.9,0.0825,102.471,-0.0716,2.3,27.320410906726327,-0.05802958426336274,-0.017698248467907324,-0.00914596212158587,0.0032394740684167367,0.006581926439855029,1,0,1,0,0,0,1,0,0,2,1,Baja
C189,1,baja,Erosión,5121482.046028248,2880132.4968630034,7811.6,0.0779,117.332,-0.0758,2.564,49.86491258303076,-0.04423238476992719,-0.02354941635485491,-0.00605014789826623,-0.015324432244053776,-0.0022015410404626345,0,1,1,0,0,0,1,0,0,2,1,Baja
C184,1,baja,Infraestructura,5117826.992879587,2879671.450830009,2115.0,0.0766,113.6677,-0.0761,2.543,25.9465876230135,-0.09298249663046726,-0.044707670177684525,-0.0033880374131834007,0.012554858378087452,0.00903525809568323,1,1,0,0,0,1,0,0,0,2,1,Baja
C188,1,baja,Infraestructura,5116642.338382698,2879082.0263652527,2206.1,0.1795,119.9705,-0.0749,2.558,26.499498861489073,-0.0797095937969055,-0.04078321854090622,-0.002487422736893159,0.012972541429898232,0.0077637174802527575,1,1,0,0,0,1,0,0,0,2,1,Baja
C209,1,baja,Infraestructura,5116825.140534337,2879441.6914377864,2192.9,0.0842,114.1896,-0.0852,2.893,26.420101237740074,-0.06041593018005967,-0.031385035296741484,6.602910907915066E-5,-0.014875961283784545,0.0019057345941274895,1,1,0,0,0,1,0,0,0,2,1,Baja
C221,1,baja,Infraestructura,5115041.736229472,2876770.884777392,1007.2,0.1668,121.5075,-0.11,3.888,17.905354432803446,-0.06330822286519791,-0.03480516078081948,0.01154763198669078,-0.033513927146181954,-0.002534120358191838,1,1,0,0,0,1,0,0,0,2,1,Baja
C039,1,baja,Nubes,5121304.797866321,2881024.1489026537,2876.1,0.1997,118.9954,-0.0083,0.844,30.257082867540294,0.021147127369299773,0.011545193041845356,-0.00566081434681703,0.02587213748136219,0.006542615228480014,0,0,1,0,0,0,1,0,0,1,1,Baja
C003,1,baja,Vegetación irregular,5113880.236263828,2880090.335512254,1990.4,0.0658,92.2401,-0.02,0.267,25.170697198532604,-0.0395958479555199,-0.014752572271074599,-0.01032360668037149,0.01725625084514859,0.010366628838734154,0,0,1,0,0,0,1,0,0,1,1,Baja
C006,1,baja,Vegetación irregular,5110799.428792879,2875492.7462476827,1816.2,0.0614,88.9065,-0.0064,0.293,24.04400996687118,3.293415114744014E-4,7.903410172353798E-4,-0.006061988306154967,0.033455457083665374,0.0058381738906253255,0,0,1,0,0,0,1,0,0,1,1,Baja
C013,1,baja,Vegetación irregular,5115073.853173506,2877428.2934191446,1093.2,0.0662,105.3956,-0.0124,0.395,18.65412467997681,-0.06838748420573842,-0.023389601177083358,0.0030893017572684693,-0.02472579821702281,-0.010827559349197213,1,1,0,0,0,1,0,0,0,2,1,Baja
C016,1,baja,Vegetación irregular,5114107.744721697,2878859.765125377,1141.2,0.0695,92.2747,-0.0247,0.448,19.0592560744889,-0.06634268266233212,-0.02224100735268672,-7.632981493127882E-4,0.03794122828425239,0.01649369506184528,1,0,0,0,1,0,0,0,1,2,1,Baja
C032,1,baja,Vegetación irregular,5111967.526896461,2875572.911736322,5117.8,0.0657,87.3208,-0.0325,0.774,40.36144615237918,-0.023526059393981003,-0.009107240519799886,-0.010118326539654415,-0.0011824595654426062,0.0022358734792228274,0,0,1,0,0,0,1,0,0,1,1,Baja
C044,1,baja,Vegetación irregular,5111741.445860732,2875447.662542486,3922.0,0.0739,92.53,-0.0363,0.902,35.33286534676783,-0.024135296218421365,-0.008120060770615362,-0.008566971681614181,0.03918230547249313,0.010502926331161844,0,0,1,0,0,0,1,0,0,1,1,Baja
C050,1,baja,Vegetación irregular,5114183.515756021,2879526.9816456554,945.2,0.0786,85.4916,-0.0374,0.974,17.34550386759978,-0.032823184427524854,-0.011750765985302808,-0.007915245370513238,0.02502701386522932,0.011073355204555657,0,0,1,0,0,0,1,0,0,1,1,Baja
C065,1,baja,Vegetación irregular,5110907.332800167,2878781.28765799,1020.2,0.0944,92.0922,-0.0423,1.139,18.020536781258855,-0.03878475582687135,-0.009059428269294983,-0.012242540810846456,7.799857697787793E-4,0.006462742169677599,0,0,1,0,0,0,1,0,0,1,1,Baja
C078,1,baja,Vegetación irregular,5116357.418978514,2877489.6562070595,1454.1,0.0813,86.3431,-0.0445,1.238,21.514051350218768,-0.06835861542061622,-0.02431895376492621,0.0035412533466868297,-0.04293113058030884,3.609052417723191E-4,1,1,0,0,0,1,0,0,0,2,1,Baja
C090,1,baja,Vegetación irregular,5110993.630255904,2878352.4115000414,1393.5,0.0914,94.6651,-0.0506,1.462,21.060978761612965,-0.021328231248193774,-0.0029856483781169063,-0.00808757561335252,-0.01017281450757146,0.002622193355067498,0,0,1,0,0,0,1,0,0,1,1,Baja
C123,1,baja,Vegetación irregular,5121857.931466747,2880346.8348725997,1135.6,0.147,115.3677,-0.0569,1.849,19.012435581753135,-0.05084435306087896,-0.0280342406062574,-0.004348851794441082,-0.012275019849714353,-0.006638757038578552,1,1,0,0,0,1,0,0,0,2,1,Baja
C125,1,baja,Vegetación irregular,5121226.350109065,2881919.007242805,2615.6,0.1567,117.8397,-0.0568,1.876,28.854312299937472,-0.051504360068849675,-0.03072715509083195,-0.005134150297784221,-0.051882989812070734,-0.017576623127416285,1,1,0,0,0,1,0,0,0,2,1,Baja
C138,1,baja,Vegetación irregular,5112305.419186584,2877047.9092791956,1313.7,0.1952,97.8984,-0.0642,1.997,20.449051261113457,-0.03818525726871472,-0.008169117915213853,-0.007888258230651327,-0.007699525694448983,0.0030382055843329037,0,0,1,0,0,0,1,0,0,1,1,Baja
C142,1,baja,Vegetación irregular,5122334.650659737,2880867.8643674757,1541.5,0.1537,115.1524,-0.0627,2.055,22.151178062403662,-0.04885213790880044,-0.024381758209261875,-7.780132256101393E-4,-0.04138557387857511,-0.008782833085075409,1,1,0,0,0,1,0,0,0,2,1,Baja
C193,1,baja,Vegetación irregular,5124256.361552396,2880715.544754019,1758.1,0.0705,99.7067,-0.0809,2.652,23.65630171645015,-0.03183040394249763,-0.013971125955559535,-0.006229937834737345,-0.015257396309225957,-0.005048505926913166,0,0,1,0,0,0,1,0,0,1,1,Baja
C202,1,baja,Vegetación irregular,5116878.869724659,2879664.0386235123,1735.0,0.0704,111.6575,-0.0822,2.758,23.500375582719457,-0.08218822414738716,-0.036166122529839945,-0.0038725031517422587,-0.005000064915243296,0.005836381080510766,1,1,0,0,0,1,0,0,0,2,1,Baja
C219,1,baja,Vegetación irregular,5110165.519304643,2876456.1539246384,1298.0,0.0768,112.9966,-0.1045,3.62,20.32649089898599,-0.08557280908105619,-0.0191127898671323,-0.00940208944300484,-0.06886266406878527,-7.713343305297271E-4,1,0,1,0,0,0,1,0,0,2,1,Baja
C034,2,baja,Vegetación irregular,5104113.613727181,2888020.906102915,1854.9,0.1645,70.3252,-0.022,0.791,24.298827294384257,0.012383737040371295,0.0067713679668919835,-0.005573500479024211,0.005546325316351908,-0.006837867640815509,0,0,1,0,0,0,1,0,0,1,1,Baja
C102,2,baja,Vegetación irregular,5103414.561122126,2886317.267052823,1765.1,0.0628,77.5514,-0.0532,1.636,23.703349554504083,-0.0606172503144044,-0.016874357599237333,-0.006618539576816525,-0.011639968372426424,0.0074793536999624155,1,0,1,0,0,0,1,0,0,2,1,Baja
C035,0,media,Erosión,5091431.4031762555,2867232.4724315987,981.7,0.2126,115.4917,-0.0222,0.794,17.677240035328687,-0.08396570519885543,-0.026630539878016113,0.0028541289153197324,-0.009680341052071162,0.004526426459668775,1,1,0,0,0,1,0,0,0,2,1,Baja
C076,0,media,Infraestructura,5090091.799730478,2867568.6499094483,6782.1,0.2402,125.7281,0.003,1.213,46.46299042342289,-0.15225643137742645,-0.06478742945398773,-7.169306555814491E-4,-0.03542164397845915,-3.315855522964817E-4,1,1,0,0,0,1,0,0,0,2,1,Baja
C220,0,media,Vegetación irregular,5091438.298530463,2867674.4293848835,1127.6,0.134,107.9385,-0.1114,3.864,18.945348443901537,-0.031136512031988695,-0.011207187906374705,-0.00970803062595283,0.005176803178692957,0.008920927623442376,0,0,1,0,0,0,1,0,0,1,1,Baja
C139,1,media,Nubes,5123424.01587405,2882836.9104757365,1870.4,0.1224,116.3212,-0.0613,2.017,24.4001395716943,-0.053952862777768985,-0.02626135933390593,-0.0031135471481872528,-0.018199610717895665,7.767636942487E-4,1,1,0,0,0,1,0,0,0,2,1,Baja
C025,1,media,Vegetación irregular,5115145.717061726,2878533.085765144,1584.6,0.0726,108.9094,-0.0239,0.655,22.458714247410395,-0.09083370318039938,-0.037502294930277486,0.0037569869018682176,-0.0032702043284982274,-0.00434130338984115,1,1,0,0,0,1,0,0,0,2,1,Baja
C099,1,media,Vegetación irregular,5121311.117903394,2881960.175096597,1785.2,0.1758,117.1343,-0.0491,1.596,23.837927947187506,-0.03510928393276968,-0.02075414379093514,-0.006591122632872319,-0.02748480203361292,-0.014101740070910196,0,0,1,0,0,0,1,0,0,1,1,Baja
C018,1,alta,Ninguno,5110751.16320717,2877021.1882221433,1324.0,0.0608,92.0974,-0.0256,0.486,20.529059630371258,-0.006440410600334845,-0.007011774905140239,0.0038365115179881367,0.033686289831717176,0.007644829965310906,0,0,0,0,0,0,0,0,0,0,0,Sin señal fuerte
C175,1,alta,Ninguno,5121456.919083765,2879505.882085297,2294.4,0.0966,129.7379,-0.0672,2.409,27.024622159432486,-0.03923547816330268,-0.021475250807623043,-0.002481393880088157,-0.03292560732658223,-0.008099421188775602,0,0,0,0,0,0,0,0,0,0,0,Sin señal fuerte
C097,0,baja,Erosión,5092608.087944918,2866344.293645659,1024.5,0.1732,128.2882,-0.0418,1.58,18.058473866727873,-0.09567654904100908,-0.022307566827962866,-0.0010962101296053974,-0.03881336003819791,-4.4370402603982617E-4,1,0,0,0,0,0,0,0,0,1,0,Sin señal fuerte
C126,0,baja,Infraestructura,5091828.456102903,2866811.335501813,1420.1,0.1209,122.009,-0.0555,1.89,21.2610411167845,-0.037830784425435415,-0.00671532115793233,0.0022972393115106167,-0.06820882729864275,-0.013894356080194514,0,0,0,0,0,0,0,0,0,0,0,Sin señal fuerte
C194,0,baja,Infraestructura,5092627.203536284,2867829.597866143,1292.0,0.1289,106.7625,-0.081,2.683,20.279456919490165,-0.035669043591480376,-0.010870926925802299,-0.005306277428831198,0.011048279390150517,0.008986978211671437,0,0,0,0,0,0,0,0,0,0,0,Sin señal fuerte
C223,0,baja,Infraestructura,5090947.821544888,2867917.717464628,8636.8,0.0631,107.802,-0.113,3.927,52.43261222743116,-0.030599257422485676,-0.012758289088738078,-0.0023488042467791487,-0.006939775775045787,4.3198765205570977E-4,0,0,0,0,0,0,0,0,0,0,0,Sin señal fuerte
C017,0,baja,Vegetación irregular,5096068.544045049,2865965.4059013855,3622.5,0.0817,78.4681,-0.0115,0.461,33.956995784385605,-0.024571735960773333,0.0031441951511857746,-0.004283789998432569,-0.011677827068673263,0.003355532493709429,0,0,0,0,0,0,0,0,0,0,0,Sin señal fuerte
C019,0,baja,Vegetación irregular,5090953.887904382,2867675.9897025,1265.9,0.1418,106.0246,-0.0049,0.525,20.073576784421373,-0.03792572337712946,-0.011615157181622954,-0.00233061618572436,-0.03205680336154049,-0.007172905567612159,0,0,0,0,0,0,0,0,0,0,0,Sin señal fuerte
C022,0,baja,Vegetación irregular,5094832.986943824,2864824.061191511,1112.7,0.0718,79.9731,-0.0016,0.61,18.819761166303465,-0.03214518854675891,-0.003230657698519629,-2.0172346232563698E-4,0.016859962341777335,0.00788060441323353,0,0,0,0,0,0,0,0,0,0,0,Sin señal fuerte
C038,0,baja,Vegetación irregular,5094250.365315421,2867090.8334423737,3244.7,0.0797,75.3047,-0.0288,0.826,32.13751838117787,-0.02216067197981425,-0.007408328145948134,0.004268991661839694,0.027365037210479004,0.008036352752332776,0,0,0,0,0,0,0,0,0,0,0,Sin señal fuerte
C040,0,baja,Vegetación irregular,5093187.517705393,2867773.3753322246,1385.7,0.0802,117.6006,-0.0218,0.848,21.001952511251872,-0.030049552314673933,-0.006939160104105863,0.005212673389656915,-0.022030203944308324,-0.008689703722413178,0,0,0,0,0,0,0,0,0,0,0,Sin señal fuerte
C041,0,baja,Vegetación irregular,5092907.298659824,2867459.002905566,1167.5,0.0808,114.3947,2.0E-4,0.856,19.27762413057106,-0.033652689932918645,-0.01115707437022978,-0.0016874183936989827,0.010841631577362731,0.007365298342265736,0,0,0,0,0,0,0,0,0,0,0,Sin señal fuerte
C046,0,baja,Vegetación irregular,5094647.967267123,2867863.2048885906,2293.4,0.065,94.0646,-0.0371,0.934,27.01873226067251,-0.022125561753690903,-0.006760961940924612,-0.0025853846835324767,-0.010939054554891747,0.0020341412251274615,0,0,0,0,0,0,0,0,0,0,0,Sin señal fuerte
C051,0,baja,Vegetación irregular,5094166.010223992,2866818.194245796,958.7,0.0733,86.8446,-0.0378,0.981,17.468934938467203,-0.029172807526285538,-0.006332241163573671,0.0010401087431980496,0.0026903678184420077,0.003662690570090721,0,0,0,0,0,0,0,0,0,0,0,Sin señal fuerte
C063,0,baja,Vegetación irregular,5089983.662647575,2864789.1784237083,2752.5,0.1143,116.2319,-0.0344,1.108,29.599796649992104,-0.05015213828313109,-0.016175332711897472,-6.82976007027488E-4,0.024328232073434597,0.010203773761787438,1,0,0,0,0,0,0,0,0,1,0,Sin señal fuerte
C068,0,baja,Vegetación irregular,5092946.490289871,2867305.0707224957,1135.1,0.0756,128.3485,-0.0214,1.163,19.008249572415153,-0.03483980631133035,-0.01333721570953178,-0.0027072223621582418,-0.018902206806175936,-0.0032339624672921563,0,0,0,0,0,0,0,0,0,0,0,Sin señal fuerte
C070,0,baja,Vegetación irregular,5090526.464589737,2867612.299168372,963.2,0.1567,121.3474,-0.0323,1.167,17.509885275815694,-0.066920822335238,-0.020016561926082338,0.0022832727805494613,-0.012365488197303875,2.743602735920392E-4,1,0,0,0,0,0,0,0,0,1,0,Sin señal fuerte
C079,0,baja,Vegetación irregular,5094147.3170219725,2866843.8141922965,1090.7,0.1275,89.6004,-0.0453,1.259,18.632782746027512,-0.02112961150547832,-0.0020680213911775658,0.008765979845918308,-0.055266847199231695,-0.011154437804995254,0,0,0,0,0,0,0,0,0,0,0,Sin señal fuerte
C096,0,baja,Vegetación irregular,5094211.192686979,2866973.813825227,6768.8,0.0783,97.1179,-0.0529,1.555,46.417410069938654,-0.03797161979741115,-0.00891788022380452,0.002730362859809151,-0.029821390201344222,-0.006841149756372511,0,0,0,0,0,0,0,0,0,0,0,Sin señal fuerte
C101,0,baja,Vegetación irregular,5093953.649964169,2867763.565798842,1132.5,0.0606,94.3119,-0.0544,1.612,18.98646744666166,-0.024677351788218893,-0.006510523079335445,0.0035457598369371436,-0.0296717276186389,-0.005737056951773178,0,0,0,0,0,0,0,0,0,0,0,Sin señal fuerte
C107,0,baja,Vegetación irregular,5090040.152423643,2866871.9734414523,1848.0,0.0916,99.4178,-0.0556,1.668,24.253590861306396,-0.027200546608689036,-0.00891336453240077,0.0016121999163170794,-0.03803831342247599,-0.0033227303799567287,0,0,0,0,0,0,0,0,0,0,0,Sin señal fuerte
C120,0,baja,Vegetación irregular,5090434.595057409,2867521.7864779625,1118.9,0.1051,116.0979,-0.0551,1.793,18.8721204863429,-0.047212533619967384,-0.017737819060238455,-4.095231469421635E-5,-0.013728309402246008,0.003921113064516618,0,0,0,0,0,0,0,0,0,0,0,Sin señal fuerte
C127,0,baja,Vegetación irregular,5093643.417563297,2867942.913385666,2093.4,0.1165,104.7063,-0.0607,1.894,25.81375439057921,-0.008335116251787567,-0.004549766577350761,0.009469597662573326,-0.07032788001048207,-0.017521092956019196,0,0,0,0,0,0,0,0,0,0,0,Sin señal fuerte
C137,0,baja,Vegetación irregular,5090136.864323036,2864863.3017401486,2004.1,0.1158,114.0462,-0.061,1.984,25.257174087790084,-0.035370033440950965,-0.0045506111754249345,-0.005311208818735166,-0.06628825938803251,-0.006729929336198037,0,0,0,0,0,0,0,0,0,0,0,Sin señal fuerte
C145,0,baja,Vegetación irregular,5092455.410966301,2867763.4719614517,1149.9,0.0969,109.4805,-0.0649,2.087,19.131767773071598,-0.02857723612374033,-0.0060695649061872775,-0.004407482388793859,-0.048137060589287906,-0.0068022704536022105,0,0,0,0,0,0,0,0,0,0,0,Sin señal fuerte
C151,0,baja,Vegetación irregular,5089595.268116074,2865921.714955646,1242.4,0.0739,112.3471,-0.0661,2.155,19.886382340555095,-0.05894891488241896,-0.02011413814842064,-0.0015051152242088622,-0.05842308115371875,-0.002322754184139131,1,0,0,0,0,0,0,0,0,1,0,Sin señal fuerte
C154,0,baja,Vegetación irregular,5091155.402680345,2865225.331145405,1032.4,0.0761,120.0723,-0.065,2.196,18.12796531594612,-0.038134824209553275,-0.012044939114215697,0.007705574450496244,-0.018764160895498705,-0.003864488188492332,0,0,0,0,0,0,0,0,0,0,0,Sin señal fuerte
C169,0,baja,Vegetación irregular,5091620.104512422,2867490.883404105,2464.1,0.1099,109.0579,-0.0723,2.366,28.006202715567824,-0.03788587978768998,-0.01422648835701068,-0.0033067631222822684,-0.0026280492303065728,0.003922475722475505,0,0,0,0,0,0,0,0,0,0,0,Sin señal fuerte
C172,0,baja,Vegetación irregular,5092529.858685699,2867699.0349396984,2328.6,0.0777,114.7454,-0.0719,2.393,27.225289731563464,-0.05414697116138614,-0.01420536617905814,-0.001121306495988763,-0.059527011083922776,-0.005844239582856431,1,0,0,0,0,0,0,0,0,1,0,Sin señal fuerte
C173,0,baja,Vegetación irregular,5091807.362527048,2867404.31271341,1070.0,0.0613,104.9832,-0.0737,2.395,18.455123359562137,-0.03245219432810159,-0.007748803375488833,-0.004679679120857439,0.013382394830878663,0.009328208860348075,0,0,0,0,0,0,0,0,0,0,0,Sin señal fuerte
C177,0,baja,Vegetación irregular,5089799.408823215,2867727.019943233,2217.4,0.1006,104.3312,-0.0751,2.444,26.567279529977046,-0.051361917467670354,-0.016767982687643984,-8.682252122883746E-4,-0.054201095993372084,-0.0034374816943705533,1,0,0,0,0,0,0,0,0,1,0,Sin señal fuerte
C226,0,baja,Vegetación irregular,5090216.414269214,2865180.476340254,1585.2,0.0675,105.626,-0.1455,5.183,22.462965778777853,-0.031600256926541115,-0.009061658509182918,0.0029030638088199667,-0.04770128830812981,-0.004647199409057334,0,0,0,0,0,0,0,0,0,0,0,Sin señal fuerte
C053,1,baja,Erosión,5122519.2088506175,2880588.8554732236,1076.0,0.1112,116.4306,-0.0311,1.021,18.5067943613625,-0.036585912430069895,-0.020113344716570843,-0.001738426656080233,-0.00230799577221652,-0.0023022415286048925,0,0,0,0,0,0,0,0,0,0,0,Sin señal fuerte
C067,1,baja,Erosión,5121110.772313935,2879689.9585144212,1411.6,0.1438,124.4811,-0.0285,1.161,21.197316701343095,-0.0011945130263072818,-6.912493673465304E-4,9.825496178069585E-4,-0.06293730064221825,-0.01961755725548983,0,0,0,0,0,0,0,0,0,0,0,Sin señal fuerte
C072,1,baja,Erosión,5122786.148220901,2880586.7475594557,1183.0,0.0866,121.6807,-0.0326,1.181,19.405169294686,-0.040687702531671685,-0.021729221485100793,-6.622198101790856E-4,-0.0478597989102485,-0.018956571183617543,0,0,0,0,0,0,0,0,0,0,0,Sin señal fuerte
C085,1,baja,Erosión,5121954.7854603175,2881364.3249680735,1008.7,0.1523,122.1521,-0.0394,1.378,17.918682490450845,-0.013698725746125913,-0.007667195244427525,0.0036700709092950335,-0.04232682696906309,-0.017586097829164565,0,0,0,0,0,0,0,0,0,0,0,Sin señal fuerte
C091,1,baja,Erosión,5122388.483896159,2880599.152999613,3700.6,0.0781,115.6672,-0.046,1.47,34.32109504097641,-0.032869237406901106,-0.019526395563967368,-0.002977830575102291,-5.707161438330832E-4,0.0016230559479464834,0,0,0,0,0,0,0,0,0,0,0,Sin señal fuerte
C098,1,baja,Erosión,5122179.889482893,2880833.2610696414,2979.7,0.0759,129.5785,-0.041,1.588,30.79720714386032,-3.5957846072133537E-4,-8.081700087103627E-5,0.006199393592185915,-0.033371725556027076,-0.015162131222717534,0,0,0,0,0,0,0,0,0,0,0,Sin señal fuerte
C111,1,baja,Erosión,5122022.723694307,2880321.064066204,1103.1,0.1839,112.2574,-0.0539,1.703,18.7384000237304,-0.023600449497089268,-0.01323338668157159,0.0014219861039601982,-0.02421989887876408,-0.003174518254823816,0,0,0,0,0,0,0,0,0,0,0,Sin señal fuerte
C119,1,baja,Erosión,5124118.935811264,2881100.3118729847,2833.6,0.064,107.2874,-0.0575,1.789,30.03269707319656,-0.0016060336880103845,-5.262007421288437E-4,-0.0039042255698895946,-0.008769896767557794,5.817067732984127E-4,0,0,0,0,0,0,0,0,0,0,0,Sin señal fuerte
C131,1,baja,Erosión,5122941.061285126,2881938.083325875,1231.7,0.1199,119.9766,-0.0577,1.938,19.800562790299043,-0.014516455257383501,-0.008069183459023372,-0.0024049189429844976,-0.021962238798761247,-0.01237998137786378,0,0,0,0,0,0,0,0,0,0,0,Sin señal fuerte
C133,1,baja,Erosión,5121928.708498445,2881680.2346105245,1032.6,0.2975,119.5689,-0.0581,1.944,18.129721136117407,-0.03391366049602373,-0.016053211824955563,-7.72616817949323E-4,-0.0690815710957231,-0.026246282820914818,0,0,0,0,0,0,0,0,0,0,0,Sin señal fuerte
C136,1,baja,Erosión,5122140.74832418,2881612.457676133,1380.1,0.0958,124.1111,-0.0571,1.976,20.959472176613836,-0.014447749011356238,-0.008167707249088666,8.114093693632248E-4,-0.04676518789472328,-0.015357489183564332,0,0,0,0,0,0,0,0,0,0,0,Sin señal fuerte
C140,1,baja,Erosión,5121993.365495019,2882274.578241081,5069.5,0.1022,113.9463,-0.0621,2.022,40.17053606822701,-0.004340602350572546,-0.002584777231833677,7.157358662357553E-4,-0.011417867759279998,-0.008590359341101195,0,0,0,0,0,0,0,0,0,0,0,Sin señal fuerte
C143,1,baja,Erosión,5123762.722281524,2880932.683571262,1156.5,0.1075,111.2144,-0.0641,2.07,19.186593844962527,-0.005111402957601947,-0.0032402460870159227,-0.003157745629289493,-0.03323067892798304,-0.012669097550952857,0,0,0,0,0,0,0,0,0,0,0,Sin señal fuerte
C146,1,baja,Erosión,5121999.6337483665,2881546.0897402675,5775.1,0.1113,131.3967,-0.0571,2.1,42.875067623270404,-0.008866217303832063,-0.005030163894145005,4.6801523026691763E-4,-0.006337249054503502,-0.0013944345293650517,0,0,0,0,0,0,0,0,0,0,0,Sin señal fuerte
C148,1,baja,Erosión,5121159.503664031,2881943.477099766,2013.7,0.07,117.12,-0.064,2.125,25.31759502417833,-0.030984851018721435,-0.01950589505362974,-0.005502673576762932,-0.02073442329227637,-0.008057784717022759,0,0,0,0,0,0,0,0,0,0,0,Sin señal fuerte
C150,1,baja,Erosión,5121863.932939376,2881342.95686778,3670.9,0.1416,127.0748,-0.0603,2.131,34.183091744195366,-0.01644765383159791,-0.00850876595265314,0.0014344599568856416,-0.03855285606607328,-0.01578331879989814,0,0,0,0,0,0,0,0,0,0,0,Sin señal fuerte
C152,1,baja,Erosión,5121634.081944898,2881759.424280518,3541.7,0.0698,116.6698,-0.0653,2.17,33.57615409627987,-0.018860096910582998,-0.010480749388864837,8.941346571034089E-4,-0.02991690175676931,-0.011958420526143765,0,0,0,0,0,0,0,0,0,0,0,Sin señal fuerte
C158,1,baja,Erosión,5121676.210407719,2881593.9675087975,950.1,0.1795,117.5763,-0.0668,2.235,17.390406058031523,-0.023579362742693948,-0.011859788059223907,2.00122138821468E-4,-0.04076698060690287,-0.006730253348781329,0,0,0,0,0,0,0,0,0,0,0,Sin señal fuerte
C165,1,baja,Erosión,5122831.747535047,2881984.182661945,4022.1,0.1367,119.7725,-0.0685,2.319,35.78091940154451,-0.022463886907083983,-0.012040213938431167,-4.001092420311044E-4,-0.044105137799290706,-0.013366492851795975,0,0,0,0,0,0,0,0,0,0,0,Sin señal fuerte
C167,1,baja,Erosión,5121633.068667177,2881506.1790631926,1249.1,0.1628,114.0715,-0.071,2.353,19.939931765985882,-0.030704029479413038,-0.016506462192409022,-0.0028251009831460863,-0.01697859771849597,-0.005185984892485451,0,0,0,0,0,0,0,0,0,0,0,Sin señal fuerte
C171,1,baja,Erosión,5121101.311568839,2881992.03673459,1680.0,0.1071,105.7016,-0.0735,2.391,23.12489154112443,-0.04751566214135432,-0.025673775920517478,-0.0018141994945857533,-0.012288384889324266,0.003821453034452915,0,1,0,0,0,0,0,0,0,1,0,Sin señal fuerte
C181,1,baja,Erosión,5122783.537799645,2882151.096711788,1251.0,0.3753,124.9529,-0.0719,2.505,19.95509127054853,-0.007356214266543561,-0.004229592740785267,0.0020067421718795836,-0.051762445595227025,-0.018735140048875748,0,0,0,0,0,0,0,0,0,0,0,Sin señal fuerte
C190,1,baja,Erosión,5122916.07240857,2881975.3127779257,1384.6,0.2751,123.557,-0.0741,2.569,20.993614943836533,-0.01610073301008093,-0.009373979668986138,1.3282664850840882E-4,-0.05268611982133087,-0.013509519664770209,0,0,0,0,0,0,0,0,0,0,0,Sin señal fuerte
C197,1,baja,Erosión,5122372.040731263,2882513.6086411015,1096.0,0.5048,123.3115,-0.0778,2.701,18.677998695187732,-0.013553902194153943,-0.008795425229326557,-0.0031891086564968837,-0.08221781150210838,-0.028867051625322993,0,0,0,0,0,0,0,0,0,0,0,Sin señal fuerte
C200,1,baja,Erosión,5121650.392817464,2881189.593643629,1280.2,0.253,127.3287,-0.0769,2.715,20.18663707239244,-0.008484238001727512,-0.0037483227468651393,5.107880616972123E-5,-0.08496733077577079,-0.027110467795114973,0,0,0,0,0,0,0,0,0,0,0,Sin señal fuerte
C205,1,baja,Erosión,5122963.958047245,2882135.526690473,1361.2,0.2564,126.7919,-0.0801,2.824,20.815461010349395,-0.009535613512535476,-0.005458534769785245,0.002588393205367858,-0.06963068844815323,-0.023107113953752867,0,0,0,0,0,0,0,0,0,0,0,Sin señal fuerte
C208,1,baja,Erosión,5122073.078013778,2882043.294455019,1006.2,0.104,112.268,-0.0851,2.876,17.896463546693525,-0.001949579256160374,1.3252054582248846E-4,0.004815638526755553,-0.027601437143869756,-0.0028152319847772334,0,0,0,0,0,0,0,0,0,0,0,Sin señal fuerte
C216,1,baja,Erosión,5120691.44261131,2879289.769076659,7639.0,0.1179,126.7651,-0.0916,3.244,49.31094422699668,-0.02444939064066596,-0.016848902365370837,-0.0011301054469775602,-0.012835995857216176,-0.012844035125871706,0,0,0,0,0,0,0,0,0,0,0,Sin señal fuerte
C195,1,baja,Infraestructura,5113420.400817612,2876717.588371995,1810.2,0.0694,97.2853,-0.0819,2.687,24.004261204417393,-0.03630969354822364,-0.01260951846189512,0.002600802687720404,-0.051569605083816805,-0.006692143529120398,0,0,0,0,0,0,0,0,0,0,0,Sin señal fuerte
C042,1,baja,Nubes,5123546.633836833,2882520.4860225795,2140.2,0.1967,118.998,-0.0194,0.857,26.100705324005112,-0.00967961240047846,-0.005924553395177334,-0.0011988900690162686,-0.004334826618913379,-0.001101567585519908,0,0,0,0,0,0,0,0,0,0,0,Sin señal fuerte
C048,1,baja,Nubes,5120972.779782683,2880977.2617255757,2151.6,0.0681,113.2233,-0.0308,0.941,26.170127074835612,0.008365879969679552,0.005345115637101064,0.0010870835619926807,0.01588760496331587,0.00333841148787406,0,0,0,0,0,0,0,0,0,0,0,Sin señal fuerte
C056,1,baja,Nubes,5122126.098791456,2879571.588834381,1670.5,0.2406,122.7877,-0.0023,1.034,23.059415969838053,0.03608864854272381,0.012824188128817748,0.004719360768239242,-0.050763273155982835,-0.02469838624995812,0,0,0,0,0,0,0,0,0,0,0,Sin señal fuerte
C075,1,baja,Nubes,5122233.145431888,2879678.20448869,9082.7,0.1847,122.9727,0.0057,1.202,53.76907292525617,0.10126063741541413,0.03563676079794814,0.005552418882018392,-0.08489285110973444,-0.04530265919721132,0,0,0,0,0,0,0,0,0,0,0,Sin señal fuerte
C077,1,baja,Nubes,5121426.894317062,2882303.8816543724,16005.3,0.0942,126.021,0.0034,1.23,71.37678348971342,0.039548158431064545,0.018794281924875977,0.0020413023219752677,-0.0048246937706857285,-0.004731778354161997,0,0,0,0,0,0,0,0,0,0,0,Sin señal fuerte
C100,1,baja,Nubes,5123493.010320086,2882678.9545510733,10144.3,0.3134,143.7764,-0.0126,1.605,56.82456316078662,0.007498520937746486,0.004271375384872211,-1.2049893982556386E-4,-0.003057682493582403,3.327891686032425E-4,0,0,0,0,0,0,0,0,0,0,0,Sin señal fuerte
C012,1,baja,Vegetación irregular,5120193.539631309,2882669.936028788,1970.4,0.0757,92.9212,-0.0223,0.355,25.04391741993535,-0.04100025910248767,-0.01604984309280566,-0.0038543749610317436,0.019013964510434134,0.006608997249169218,0,0,0,0,0,0,0,0,0,0,0,Sin señal fuerte
C014,1,baja,Vegetación irregular,5123143.173532713,2880658.447440358,1533.4,0.0698,93.6059,-0.0245,0.441,22.092903373577332,-0.009174658075793249,-0.002905956288964749,0.0018617567312614759,-0.05923263170340154,-0.019364163613521654,0,0,0,0,0,0,0,0,0,0,0,Sin señal fuerte
C028,1,baja,Vegetación irregular,5121433.515196268,2881035.551495519,4001.1,0.0607,112.1805,-0.0209,0.679,35.68738832711025,-0.001563977865638444,0.0024021887809280718,0.004394008344043314,0.011158441763304827,0.003420884249585393,0,0,0,0,0,0,0,0,0,0,0,Sin señal fuerte
C030,1,baja,Vegetación irregular,5121273.518397423,2880638.8025585483,2583.9,0.0673,115.5819,-0.0174,0.734,28.678928064178006,0.003722831102073415,0.0016998485602784802,-0.002524015651702285,0.012220604716743022,0.004006936569492803,0,0,0,0,0,0,0,0,0,0,0,Sin señal fuerte
C043,1,baja,Vegetación irregular,5115657.589175922,2879893.587467356,1726.5,0.0805,81.7006,-0.0344,0.901,23.442739142350977,-0.07802098431423199,-0.02212727648850335,-0.003553342949344003,-0.020475593834942574,0.005956313567908406,1,0,0,0,0,0,0,0,0,1,0,Sin señal fuerte
C074,1,baja,Vegetación irregular,5117171.710038136,2880158.931889325,1173.5,0.1542,83.2818,-0.0426,1.189,19.327096301221204,-0.05744790579227699,-0.018658557843479168,-9.108547294489969E-5,0.0036640894024020376,0.011945265516105225,1,0,0,0,0,0,0,0,0,1,0,Sin señal fuerte
C080,1,baja,Vegetación irregular,5113195.152839855,2876384.31337522,1562.7,0.0626,99.9355,-0.045,1.261,22.302978705531906,-0.01645734940422794,4.849485354718186E-4,-0.0017851869588343464,-0.022803664496108045,-0.006618749812356994,0,0,0,0,0,0,0,0,0,0,0,Sin señal fuerte
C087,1,baja,Vegetación irregular,5122858.277752958,2880517.155188278,3771.9,0.1345,122.2114,-0.0408,1.42,34.65015237623985,-0.042651660825012164,-0.02549298115818911,-7.586179085429766E-4,-0.040647467525474656,-0.01563664904676984,0,1,0,0,0,0,0,0,0,1,0,Sin señal fuerte
C112,1,baja,Vegetación irregular,5112392.387791832,2877161.9824700374,1030.4,0.0929,100.3146,-0.0571,1.729,18.110397751672323,-0.04950620770675476,-0.012550139500336094,-0.00433587266356391,0.003382536011803605,0.0037734023108640102,1,0,0,0,0,0,0,0,0,1,0,Sin señal fuerte
C113,1,baja,Vegetación irregular,5112331.874852601,2876451.0631538876,1284.9,0.1183,94.8085,-0.0575,1.733,20.223658738159934,-0.019598969498172636,-0.00667179543994767,0.0014195577360920641,-7.61234751482931E-5,0.001312543520057552,0,0,0,0,0,0,0,0,0,0,0,Sin señal fuerte
C130,1,baja,Vegetación irregular,5111037.874433824,2876796.547950469,2142.7,0.0675,98.8373,-0.0622,1.923,26.115945189213587,-0.016301451219304708,3.3913123101822484E-4,-0.0040609374930536905,0.015241370878909866,0.0051338145760855824,0,0,0,0,0,0,0,0,0,0,0,Sin señal fuerte
C144,1,baja,Vegetación irregular,5121166.675799417,2879967.3030722775,1110.9,0.166,114.4752,-0.0635,2.081,18.804532766372397,-0.04301306015898469,-0.01919100498351327,-0.004725913174125088,0.004107491296112098,0.004463924665304625,0,0,0,0,0,0,0,0,0,0,0,Sin señal fuerte
C168,1,baja,Vegetación irregular,5112648.571309455,2877199.5425595217,2007.4,0.089,103.3352,-0.0731,2.362,25.277960074447098,-0.04207322098199995,-0.011686061466650577,-0.0033008809116017697,-0.01599219979610189,6.326631970992314E-4,0,0,0,0,0,0,0,0,0,0,0,Sin señal fuerte
C178,1,baja,Vegetación irregular,5115057.937032684,2879084.806102866,2224.4,0.1636,97.5392,-0.0766,2.481,26.60918094995079,-0.0379812885652237,-0.016240421214527914,-0.002491370394728568,0.03462169768653478,0.011633100479268244,0,0,0,0,0,0,0,0,0,0,0,Sin señal fuerte
C180,1,baja,Vegetación irregular,5123147.00610041,2882242.9304776546,2668.7,0.1282,113.4467,-0.075,2.499,29.145730274925043,-0.00480349886642744,-0.0019269507768271098,0.0025150544313335727,-0.036927946426441594,-0.012594327326585691,0,0,0,0,0,0,0,0,0,0,0,Sin señal fuerte
C185,1,baja,Vegetación irregular,5123398.39888596,2882315.1776411533,1565.0,0.1114,116.8946,-0.0756,2.551,22.319385562278196,-0.024020045261443617,-0.012958603745798356,0.001150290517830535,-0.029258039181541573,-0.01156192683916435,0,0,0,0,0,0,0,0,0,0,0,Sin señal fuerte
C187,1,baja,Vegetación irregular,5122241.882003388,2882423.9143684544,18310.3,0.0974,124.4253,-0.0735,2.557,76.34362782178394,-0.023456811161125003,-0.0153227144676825,-9.441529140766535E-4,-0.06106981079032314,-0.02590864585935565,0,0,0,0,0,0,0,0,0,0,0,Sin señal fuerte
C203,1,baja,Vegetación irregular,5121318.9935336895,2881807.964994111,1701.4,0.0947,100.713,-0.0843,2.787,23.271709012298633,-0.01520489218049477,-0.008094640313683295,-9.390123045757513E-4,-0.005908574109265929,1.8046235526342214E-4,0,0,0,0,0,0,0,0,0,0,0,Sin señal fuerte
C204,1,baja,Vegetación irregular,5112994.2753475625,2877144.1590101654,1178.6,0.0727,115.1696,-0.0825,2.798,19.3690482950561,-0.04585127526970334,-0.015350055225311077,0.0028785194935479867,-0.021850013674339586,0.0015557281097451636,0,0,0,0,0,0,0,0,0,0,0,Sin señal fuerte
C093,2,baja,Infraestructura,5104628.891916438,2887460.9540506434,1071.4,0.0935,99.8296,-0.0511,1.496,18.46719285807438,-0.04766058083902244,-0.02338924965059115,0.004818920321698334,0.0017057562726845443,0.002182013809853195,0,1,0,0,0,0,0,0,0,1,0,Sin señal fuerte
C024,2,baja,Vegetación irregular,5103658.114261222,2887971.340360763,1021.9,0.1817,73.7543,-0.0189,0.644,18.035544701816345,0.04169488216077469,0.01786141771362129,0.003324499403034458,-0.018592292486053763,-0.011592801634852046,0,0,0,0,0,0,0,0,0,0,0,Sin señal fuerte
C027,2,baja,Vegetación irregular,5097742.616632774,2888217.933685817,3407.0,0.0629,74.4824,-0.0046,0.673,32.9314710000658,-0.03801772475025672,-0.017768641415595615,-0.0015602231351562312,0.019385926089570793,0.005995737598315981,0,0,0,0,0,0,0,0,0,0,0,Sin señal fuerte
C036,2,baja,Vegetación irregular,5102924.578778552,2888136.712412354,1528.2,0.0811,68.646,-0.0211,0.825,22.05541131029002,-0.004868690335427056,-0.002650122552838169,-1.7066239596606053E-4,0.0036928510525089386,0.0021258109541640313,0,0,0,0,0,0,0,0,0,0,0,Sin señal fuerte
C073,2,baja,Vegetación irregular,5103582.420316705,2887521.1772556463,1465.0,0.0731,69.4635,-0.037,1.188,21.59453595841442,0.038700656507365566,0.01729034949042088,0.0042224748081633665,0.004144354235764869,-0.005044125519330422,0,0,0,0,0,0,0,0,0,0,0,Sin señal fuerte
C081,2,baja,Vegetación irregular,5103341.564618087,2886398.673494359,1150.9,0.0747,76.4968,-0.0429,1.271,19.140084848529924,-0.019535541968760284,-0.0010181543874674404,-0.0027347709357329816,-0.007317009771411476,4.5997968829025737E-4,0,0,0,0,0,0,0,0,0,0,0,Sin señal fuerte
C082,2,baja,Vegetación irregular,5104528.2746504,2886766.8825283176,1138.0,0.0621,74.4978,-0.0423,1.277,19.0325156108475,-0.030197247691720164,-0.010642480175813013,-0.004003304733114547,0.008127948190469247,0.00361516777618881,0,0,0,0,0,0,0,0,0,0,0,Sin señal fuerte
C106,2,baja,Vegetación irregular,5103566.511964007,2886931.485920867,1227.2,0.0718,72.5592,-0.0522,1.653,19.7643591427789,-0.01059725972017661,5.9308507642741315E-5,0.0023467150323257142,0.009634156782422743,0.004937396394883775,0,0,0,0,0,0,0,0,0,0,0,Sin señal fuerte
C213,0,media,Erosión,5089716.334029331,2867851.131576237,1173.9,0.1291,111.2306,-0.09,3.054,19.3303899441049,-0.03952399706206003,-0.016457235005474177,0.0036978741493778108,0.0018338202284302607,0.0032016680399119812,0,0,0,0,0,0,0,0,0,0,0,Sin señal fuerte
C004,0,media,Infraestructura,5095222.604916884,2867840.2907874077,3342.6,0.0605,91.7299,-0.0062,0.277,32.61874653566471,-0.03228751411874731,-0.005212772063691917,-0.00498518482712812,0.012753004755614583,0.008434820956367883,0,0,0,0,0,0,0,0,0,0,0,Sin señal fuerte
C083,0,media,Infraestructura,5091963.244896086,2866926.596101394,1907.0,0.1127,126.9291,-0.033,1.323,24.637714036665187,-0.028268843840321245,-0.007487468056462859,-6.096692795171214E-4,-0.026973418330872523,-0.0016415963595204641,0,0,0,0,0,0,0,0,0,0,0,Sin señal fuerte
C122,0,media,Vegetación irregular,5092119.9863665,2866690.4278260823,1715.4,0.1338,105.7417,-0.0594,1.848,23.367258691589704,-0.049085245566216185,-0.008562028571703462,-0.003411749273931844,-0.0032572507555002073,0.003503444586179766,1,0,0,0,0,0,0,0,0,1,0,Sin señal fuerte
C155,1,media,Erosión,5121821.379831773,2881415.6494608945,991.0,0.1978,127.0907,-0.0624,2.205,17.76077411624101,-0.006589122595595593,-0.0029338547899479227,0.0022086879948194946,-0.09836907730914235,-0.03150145002399016,0,0,0,0,0,0,0,0,0,0,0,Sin señal fuerte
C222,1,media,Infraestructura,5114022.636994274,2876411.060267651,1158.4,0.2995,114.4846,-0.1119,3.917,19.20234808962964,-0.042783104888171414,-0.01631352296305366,-6.947956437485248E-4,-0.004473159201050292,0.0076402968958738104,0,0,0,0,0,0,0,0,0,0,0,Sin señal fuerte
C224,1,media,Infraestructura,5114922.046172052,2876860.59911316,955.4,0.0894,121.4001,-0.1139,4.036,17.43884357576481,-0.01750999844792922,-0.006626448408196789,-0.0012623868868820998,-0.008308083775460329,-7.945990459546914E-4,0,0,0,0,0,0,0,0,0,0,0,Sin señal fuerte
C023,1,media,Vegetación irregular,5122810.576233925,2880636.2532407274,1088.9,0.0665,100.8662,-0.0281,0.634,18.617401404748453,0.0038017354576470874,0.003584657023309932,-0.0028997831537763584,-0.025896508229012793,-1.4980927843591396E-4,0,0,0,0,0,0,0,0,0,0,0,Sin señal fuerte
C115,1,media,Vegetación irregular,5122036.561793594,2880609.3776937015,1646.1,0.0794,119.7664,-0.0529,1.768,22.89038889243994,-0.04636595627929095,-0.021869419634665935,-8.578099546096569E-4,-0.03661376702958141,-0.007062795626093049,0,0,0,0,0,0,0,0,0,0,0,Sin señal fuerte
C147,1,media,Vegetación irregular,5111131.692760473,2876749.5109447837,1031.4,0.0777,98.743,-0.0673,2.121,18.11918366290164,0.005915004203113028,0.003717625884156417,0.0026182258733939354,-0.017187937424332445,-0.003962874369780184,0,0,0,0,0,0,0,0,0,0,0,Sin señal fuerte
