grupo,indice,p5,p25,p50,p75,p95,mean,stdDev
ANH,NDVI,-0.1868743293518838,-0.04610286609792008,-0.007191222803906855,0.048067967139402056,0.12118907862219105,-0.005873667396495605,0.08861158695037616
ANH,MSAVI,-0.07389677659484381,-0.02232484023747852,-2.10414133965095E-4,0.023300028885288593,0.05714799217553536,-0.0019794470759472963,0.039923611934133574
ANH,GLI,-0.018963378288209886,-0.003427620081243465,0.008454073430702305,0.018772921982715962,0.05244142714370902,0.009393284555356755,0.021293036454564467
ANH,MSI,-0.10439674996274251,-0.0378766253315788,-0.001952209406954175,0.032332626503019934,0.17680835212526413,0.013279219016480909,0.10483331101820963
ANH,BSI,-0.04343980122047281,-0.016876119407964102,-0.002804339031038517,0.00998104914352324,0.05594282828458533,0.0011592044318662592,0.029531735587113275
QGIS,NDVI,-0.128122528387643,-0.08888895082465158,-0.05732632924698196,-0.03243842430332925,0.0043447738920579515,-0.05864977817401628,0.043840252430445245
QGIS,MSAVI,-0.05507747501237992,-0.0345714635737368,-0.020968750239725033,-0.010248752335902533,0.005772519355311079,-0.022545351839720312,0.018930754179388654
QGIS,GLI,-0.024130041078793227,-0.011141803248204964,-0.0052184992949998905,1.558840961673573E-4,0.006246258562839942,-0.006596175087660276,0.00939086732852375
QGIS,MSI,-0.07180287383359729,-0.02798194918735482,-7.034181914620982E-4,0.030038540246438816,0.09756201047571889,0.005363895280750873,0.05286127759710333
QGIS,BSI,-0.020916901649954384,-0.005427583788218504,0.005395089641010218,0.017265535506066017,0.043871115354510395,0.007143616152340112,0.018867517013429997
